date,ticker,open,close
2021-08-02,AAPL,142.5417,141.7237
2021-08-02,AMD,105.93,108.63
2021-08-02,AMZN,167.655,166.574
2021-08-02,BA,227.19,225.34
2021-08-02,COST,408.0868,406.4758
2021-08-02,DIS,171.826,170.2068
2021-08-02,GOOGL,133.8434,133.5834
2021-08-02,INTC,49.407,49.1234
2021-08-02,JNJ,149.1072,148.9343
2021-08-02,JPM,134.1522,133.3934
2021-08-02,KO,49.0428,48.7685
2021-08-02,LMT,323.351,319.8769
2021-08-02,META,354.7028,348.6111
2021-08-02,MSFT,274.3024,272.8272
2021-08-02,NFLX,51.9,51.515
2021-08-02,NVDA,19.6101,19.6599
2021-08-02,PG,124.6803,124.777
2021-08-02,TSLA,233.3333,236.5567
2021-08-02,VZ,40.8669,40.6482
2021-08-02,XOM,47.5774,47.6022
2021-08-02,^GSPC,4406.8599,4387.1602
2021-08-03,AAPL,142.0061,143.5157
2021-08-03,AMD,108.15,112.56
2021-08-03,AMZN,167.036,168.312
2021-08-03,BA,225.9,229.09
2021-08-03,COST,407.4234,412.3039
2021-08-03,DIS,170.6625,167.7247
2021-08-03,GOOGL,133.8612,134.3515
2021-08-03,INTC,49.3155,49.4711
2021-08-03,JNJ,149.332,150.7671
2021-08-03,JPM,134.0816,134.9111
2021-08-03,KO,48.8714,48.8028
2021-08-03,LMT,320.8149,320.8757
2021-08-03,META,349.3837,347.9078
2021-08-03,MSFT,273.402,275.0304
2021-08-03,NFLX,51.439,51.082
2021-08-03,NVDA,19.65,19.7246
2021-08-03,PG,124.7594,126.5975
2021-08-03,TSLA,239.6667,236.58
2021-08-03,VZ,40.6482,40.6263
2021-08-03,XOM,47.5939,48.1148
2021-08-03,^GSPC,4392.7402,4423.1499
2021-08-04,AAPL,143.4281,143.1164
2021-08-04,AMD,114.36,118.77
2021-08-04,AMZN,168.9675,167.736
2021-08-04,BA,226.42,226.63
2021-08-04,COST,413.1853,412.2756
2021-08-04,DIS,167.2496,167.3272
2021-08-04,GOOGL,134.0737,133.8518
2021-08-04,INTC,49.645,49.3247
2021-08-04,JNJ,150.6028,149.8766
2021-08-04,JPM,133.464,133.4552
2021-08-04,KO,48.657,48.0997
2021-08-04,LMT,316.5679,314.0926
2021-08-04,META,349.0766,355.515
2021-08-04,MSFT,274.1683,274.4461
2021-08-04,NFLX,51.3,51.735
2021-08-04,NVDA,19.8988,20.1815
2021-08-04,PG,125.7971,125.2607
2021-08-04,TSLA,237.0,236.9733
2021-08-04,VZ,40.5316,40.3639
2021-08-04,XOM,47.2798,46.9904
2021-08-04,^GSPC,4415.9502,4402.6602
2021-08-05,AAPL,143.1456,143.2235
2021-08-05,AMD,116.63,112.35
2021-08-05,AMZN,167.811,168.7995
2021-08-05,BA,226.68,229.94
2021-08-05,COST,414.8437,419.999
2021-08-05,DIS,167.24,171.3315
2021-08-05,GOOGL,134.4016,134.9672
2021-08-05,INTC,49.7281,49.636
2021-08-05,JNJ,150.3003,150.1619
2021-08-05,JPM,134.3729,135.1405
2021-08-05,KO,48.3912,48.4426
2021-08-05,LMT,314.7874,313.3456
2021-08-05,META,356.2282,359.5266
2021-08-05,MSFT,274.8005,277.3293
2021-08-05,NFLX,51.713,52.489
2021-08-05,NVDA,20.4065,20.5429
2021-08-05,PG,126.0698,125.3223
2021-08-05,TSLA,238.6667,238.21
2021-08-05,VZ,40.3931,40.3129
2021-08-05,XOM,47.2302,47.2881
2021-08-05,^GSPC,4408.8599,4429.1001
2021-08-06,AAPL,142.7456,142.5407
2021-08-06,AMD,110.55,110.11
2021-08-06,AMZN,168.75,167.247
2021-08-06,BA,231.55,231.33
2021-08-06,COST,419.5631,416.6253
2021-08-06,DIS,172.0296,171.7387
2021-08-06,GOOGL,134.7597,134.459
2021-08-06,INTC,49.6084,49.6636
2021-08-06,JNJ,150.3781,149.6605
2021-08-06,JPM,136.9406,138.979
2021-08-06,KO,48.5284,48.5627
2021-08-06,LMT,314.6659,314.4487
2021-08-06,META,357.9715,360.0615
2021-08-06,MSFT,276.3619,277.2719
2021-08-06,NFLX,52.4,52.055
2021-08-06,NVDA,20.4304,20.2731
2021-08-06,PG,125.7884,124.3637
2021-08-06,TSLA,237.3,233.0333
2021-08-06,VZ,40.3347,40.2546
2021-08-06,XOM,47.6683,47.8337
2021-08-06,^GSPC,4429.0698,4436.52
2021-08-09,AAPL,142.5992,142.4919
2021-08-09,AMD,111.31,107.58
2021-08-09,AMZN,167.1805,167.0935
2021-08-09,BA,229.0,232.27
2021-08-09,COST,417.592,417.4214
2021-08-09,DIS,171.6127,171.3412
2021-08-09,GOOGL,134.6611,135.6225
2021-08-09,INTC,49.811,49.7834
2021-08-09,JNJ,150.1879,150.1792
2021-08-09,JPM,138.9967,138.829
2021-08-09,KO,48.6999,48.5713
2021-08-09,LMT,313.2762,313.5715
2021-08-09,META,360.309,358.1794
2021-08-09,MSFT,277.5496,276.1894
2021-08-09,NFLX,52.115,51.997
2021-08-09,NVDA,20.3528,20.2024
2021-08-09,PG,124.8386,125.0409
2021-08-09,TSLA,236.7233,237.92
2021-08-09,VZ,40.2983,40.1817
2021-08-09,XOM,47.2302,47.2881
2021-08-09,^GSPC,4437.77,4432.3501
2021-08-10,AAPL,142.8334,142.0141
2021-08-10,AMD,107.9,106.48
2021-08-10,AMZN,167.2505,166.034
2021-08-10,BA,231.97,235.78
2021-08-10,COST,417.6015,419.8474
2021-08-10,DIS,170.8855,171.6806
2021-08-10,GOOGL,136.0474,135.5175
2021-08-10,INTC,49.9584,49.682
2021-08-10,JNJ,149.7902,150.2311
2021-08-10,JPM,138.3084,140.532
2021-08-10,KO,48.7342,48.6999
2021-08-10,LMT,312.8333,314.6137
2021-08-10,META,358.3974,357.704
2021-08-10,MSFT,276.6397,274.3791
2021-08-10,NFLX,52.0,51.584
2021-08-10,NVDA,20.2293,19.8451
2021-08-10,PG,124.8034,125.12
2021-08-10,TSLA,237.9967,236.6633
2021-08-10,VZ,40.1671,40.4441
2021-08-10,XOM,47.4699,48.0982
2021-08-10,^GSPC,4435.79,4436.75
2021-08-11,AAPL,142.453,142.2676
2021-08-11,AMD,107.6,107.68
2021-08-11,AMZN,166.5725,164.6055
2021-08-11,BA,236.61,239.49
2021-08-11,COST,422.1882,421.051
2021-08-11,DIS,171.9617,172.6695
2021-08-11,GOOGL,135.8884,134.9944
2021-08-11,INTC,49.9768,49.8662
2021-08-11,JNJ,150.6461,150.257
2021-08-11,JPM,141.1851,142.2087
2021-08-11,KO,48.777,48.6399
2021-08-11,LMT,314.7961,315.5344
2021-08-11,META,358.6648,356.5451
2021-08-11,MSFT,275.1166,274.8676
2021-08-11,NFLX,51.7,51.24
2021-08-11,NVDA,19.9516,19.6092
2021-08-11,PG,125.5333,125.4278
2021-08-11,TSLA,237.57,235.94
2021-08-11,VZ,40.5389,40.5097
2021-08-11,XOM,48.1065,48.2388
2021-08-11,^GSPC,4442.1802,4442.4102
2021-08-12,AAPL,142.5895,145.223
2021-08-12,AMD,107.39,106.5
2021-08-12,AMZN,164.5,165.175
2021-08-12,BA,240.0,238.18
2021-08-12,COST,419.8189,422.0554
2021-08-12,DIS,172.6695,173.833
2021-08-12,GOOGL,134.6938,135.9008
2021-08-12,INTC,49.8939,49.3136
2021-08-12,JNJ,150.2743,151.4674
2021-08-12,JPM,142.8439,142.7645
2021-08-12,KO,48.6398,48.7342
2021-08-12,LMT,314.6918,312.451
2021-08-12,META,355.0495,359.2097
2021-08-12,MSFT,274.5611,277.6071
2021-08-12,NFLX,51.186,51.072
2021-08-12,NVDA,19.7794,19.8142
2021-08-12,PG,125.8939,125.718
2021-08-12,TSLA,235.4467,240.75
2021-08-12,VZ,40.5462,40.5607
2021-08-12,XOM,48.1717,48.1297
2021-08-12,^GSPC,4446.0801,4460.8301
2021-08-13,AAPL,145.3011,145.4279
2021-08-13,AMD,107.17,110.55
2021-08-13,AMZN,165.2835,164.6985
2021-08-13,BA,238.01,234.46
2021-08-13,COST,422.4535,424.3868
2021-08-13,DIS,180.6199,175.5685
2021-08-13,GOOGL,135.9563,136.4293
2021-08-13,INTC,49.2768,49.2676
2021-08-13,JNJ,151.5452,152.3751
2021-08-13,JPM,142.7645,141.1674
2021-08-13,KO,48.7084,49.0685
2021-08-13,LMT,312.8853,310.9138
2021-08-13,META,359.5266,359.7346
2021-08-13,MSFT,277.291,280.5191
2021-08-13,NFLX,51.264,51.592
2021-08-13,NVDA,19.8142,20.0959
2021-08-13,PG,125.718,126.3248
2021-08-13,TSLA,241.2367,239.0567
2021-08-13,VZ,40.6045,40.7284
2021-08-13,XOM,47.8611,47.6429
2021-08-13,^GSPC,4464.8398,4468.0
2021-08-16,AAPL,144.8817,147.3981
2021-08-16,AMD,110.2,107.48
2021-08-16,AMZN,164.15,164.9495
2021-08-16,BA,231.9,229.06
2021-08-16,COST,424.4721,429.1631
2021-08-16,DIS,175.0158,173.6391
2021-08-16,GOOGL,136.2287,137.0058
2021-08-16,INTC,49.0281,49.2491
2021-08-16,JNJ,152.6345,153.7498
2021-08-16,JPM,140.2497,140.2409
2021-08-16,KO,49.0428,49.2829
2021-08-16,LMT,310.9138,312.8853
2021-08-16,META,359.0808,363.0825
2021-08-16,MSFT,280.8448,282.1954
2021-08-16,NFLX,51.524,51.792
2021-08-16,NVDA,20.0432,19.859
2021-08-16,PG,126.3512,127.2043
2021-08-16,TSLA,235.0233,228.7233
2021-08-16,VZ,40.7648,40.8086
2021-08-16,XOM,47.0135,46.9464
2021-08-16,^GSPC,4461.6499,4479.71
2021-08-17,AAPL,146.53,146.491
2021-08-17,AMD,106.64,107.56
2021-08-17,AMZN,163.875,162.098
2021-08-17,BA,226.2,222.22
2021-08-17,COST,429.163,428.6703
2021-08-17,DIS,171.7581,170.4783
2021-08-17,GOOGL,136.4516,135.3733
2021-08-17,INTC,48.9728,48.5307
2021-08-17,JNJ,153.2916,155.159
2021-08-17,JPM,139.0408,138.5466
2021-08-17,KO,49.2657,49.1114
2021-08-17,LMT,311.8431,314.0579
2021-08-17,META,359.5365,355.0494
2021-08-17,MSFT,280.0785,280.7394
2021-08-17,NFLX,51.547,51.891
2021-08-17,NVDA,19.5952,19.3693
2021-08-17,PG,126.9932,127.4153
2021-08-17,TSLA,224.22,221.9033
2021-08-17,VZ,40.7284,40.9544
2021-08-17,XOM,46.5771,46.6275
2021-08-17,^GSPC,4462.1201,4448.0801
2021-08-18,AAPL,146.1106,142.7553
2021-08-18,AMD,107.35,103.44
2021-08-18,AMZN,162.0995,160.061
2021-08-18,BA,221.73,219.0
2021-08-18,COST,427.3623,422.8609
2021-08-18,DIS,170.5462,169.4215
2021-08-18,GOOGL,135.2133,134.1723
2021-08-18,INTC,48.4478,48.0702
2021-08-18,JNJ,155.1849,153.1878
2021-08-18,JPM,137.929,137.2848
2021-08-18,KO,49.0342,48.4426
2021-08-18,LMT,312.2339,309.7152
2021-08-18,META,352.8703,352.0779
2021-08-18,MSFT,280.2788,279.0215
2021-08-18,NFLX,52.0,52.187
2021-08-18,NVDA,19.4111,18.9532
2021-08-18,PG,127.257,126.0258
2021-08-18,TSLA,223.25,229.6633
2021-08-18,VZ,40.8596,40.4368
2021-08-18,XOM,46.51,45.6456
2021-08-18,^GSPC,4440.9399,4400.27
2021-08-19,AAPL,141.4581,143.0869
2021-08-19,AMD,103.32,103.7
2021-08-19,AMZN,159.701,159.3875
2021-08-19,BA,216.3,212.16
2021-08-19,COST,419.7716,430.4898
2021-08-19,DIS,168.704,167.9768
2021-08-19,GOOGL,133.1683,134.4011
2021-08-19,INTC,47.9412,48.3004
2021-08-19,JNJ,152.695,154.3809
2021-08-19,JPM,135.1494,136.1376
2021-08-19,KO,48.0654,48.7513
2021-08-19,LMT,308.5253,307.4831
2021-08-19,META,348.0168,351.751
2021-08-19,MSFT,277.0637,284.8182
2021-08-19,NFLX,52.274,54.371
2021-08-19,NVDA,19.4051,19.7077
2021-08-19,PG,125.9027,127.5121
2021-08-19,TSLA,226.07,224.49
2021-08-19,VZ,40.3129,40.3639
2021-08-19,XOM,44.8735,44.2524
2021-08-19,^GSPC,4382.4399,4405.7998
2021-08-20,AAPL,143.8087,144.5402
2021-08-20,AMD,104.32,104.65
2021-08-20,AMZN,160.1935,159.9975
2021-08-20,BA,212.31,212.67
2021-08-20,COST,431.6554,434.9722
2021-08-20,DIS,167.7344,169.7899
2021-08-20,GOOGL,134.7181,136.1341
2021-08-20,INTC,48.0426,47.9044
2021-08-20,JNJ,154.6575,155.133
2021-08-20,JPM,136.1995,136.526
2021-08-20,KO,48.7342,48.5627
2021-08-20,LMT,308.0997,310.2103
2021-08-20,META,351.236,355.9607
2021-08-20,MSFT,287.6495,292.1026
2021-08-20,NFLX,54.509,54.688
2021-08-20,NVDA,19.8998,20.7211
2021-08-20,PG,127.7407,127.6
2021-08-20,TSLA,227.6167,226.7533
2021-08-20,VZ,40.3348,40.4733
2021-08-20,XOM,43.8664,44.2608
2021-08-20,^GSPC,4410.5601,4441.6699
2021-08-23,AAPL,144.6573,146.0228
2021-08-23,AMD,105.3,108.77
2021-08-23,AMZN,160.595,163.2935
2021-08-23,BA,215.83,219.4
2021-08-23,COST,433.3423,431.1248
2021-08-23,DIS,171.6903,172.2526
2021-08-23,GOOGL,136.669,138.7215
2021-08-23,INTC,48.4386,49.0281
2021-08-23,JNJ,155.1417,154.4634
2021-08-23,JPM,137.0642,138.2731
2021-08-23,KO,48.5884,48.3912
2021-08-23,LMT,310.879,310.3666
2021-08-23,META,356.03,359.903
2021-08-23,MSFT,291.0373,292.3809
2021-08-23,NFLX,54.598,55.333
2021-08-23,NVDA,20.8754,21.8579
2021-08-23,PG,126.8965,126.9492
2021-08-23,TSLA,228.48,235.4333
2021-08-23,VZ,40.4951,40.4004
2021-08-23,XOM,45.2763,46.082
2021-08-23,^GSPC,4450.29,4479.5298
2021-08-24,AAPL,145.7692,145.935
2021-08-24,AMD,109.45,107.65
2021-08-24,AMZN,164.0,165.289
2021-08-24,BA,220.11,221.43
2021-08-24,COST,431.4279,428.149
2021-08-24,DIS,172.5047,173.0379
2021-08-24,GOOGL,139.2861,139.93
2021-08-24,INTC,49.332,49.5623
2021-08-24,JNJ,153.9242,152.5327
2021-08-24,JPM,138.5378,139.129
2021-08-24,KO,48.5627,48.0225
2021-08-24,LMT,311.7737,311.7997
2021-08-24,META,360.2101,362.0425
2021-08-24,MSFT,292.736,290.4327
2021-08-24,NFLX,55.148,55.341
2021-08-24,NVDA,21.6538,21.6936
2021-08-24,PG,126.6502,125.9203
2021-08-24,TSLA,236.8933,236.1633
2021-08-24,VZ,40.3931,40.1015
2021-08-24,XOM,46.4009,46.4596
2021-08-24,^GSPC,4484.3999,4486.23
2021-08-25,AAPL,146.1204,144.7061
2021-08-25,AMD,108.13,108.3
2021-08-25,AMZN,165.4935,164.959
2021-08-25,BA,221.5,221.03
2021-08-25,COST,427.2393,427.6183
2021-08-25,DIS,172.7374,172.8828
2021-08-25,GOOGL,140.2901,140.7398
2021-08-25,INTC,49.811,49.5623
2021-08-25,JNJ,152.7936,151.5239
2021-08-25,JPM,139.8702,141.9968
2021-08-25,KO,48.0654,48.074
2021-08-25,LMT,312.399,311.5826
2021-08-25,META,362.1316,364.8951
2021-08-25,MSFT,292.045,289.8472
2021-08-25,NFLX,55.016,54.758
2021-08-25,NVDA,21.6379,22.1117
2021-08-25,PG,125.8235,125.4717
2021-08-25,TSLA,235.6767,237.0667
2021-08-25,VZ,40.1088,40.0432
2021-08-25,XOM,46.3589,46.5435
2021-08-25,^GSPC,4490.4502,4496.1899
2021-08-26,AAPL,144.6963,143.9062
2021-08-26,AMD,108.57,107.27
2021-08-26,AMZN,164.95,165.8
2021-08-26,BA,221.41,216.5
2021-08-26,COST,427.6183,425.7988
2021-08-26,DIS,172.9119,171.1861
2021-08-26,GOOGL,140.4139,140.1073
2021-08-26,INTC,49.507,48.936
2021-08-26,JNJ,151.2803,150.7151
2021-08-26,JPM,143.1793,142.7292
2021-08-26,KO,47.9711,47.6196
2021-08-26,LMT,311.8865,314.0751
2021-08-26,META,364.8853,360.9232
2021-08-26,MSFT,288.8683,287.0448
2021-08-26,NFLX,54.616,55.012
2021-08-26,NVDA,22.0988,21.9674
2021-08-26,PG,125.375,125.2519
2021-08-26,TSLA,236.1033,233.72
2021-08-26,VZ,40.0286,39.8026
2021-08-26,XOM,46.3253,45.9141
2021-08-26,^GSPC,4493.75,4470.0
2021-08-27,AAPL,143.8477,144.9401
2021-08-27,AMD,108.01,111.4
2021-08-27,AMZN,166.6615,167.4815
2021-08-27,BA,217.47,221.75
2021-08-27,COST,425.7988,426.7749
2021-08-27,DIS,170.9146,174.6571
2021-08-27,GOOGL,140.3173,142.6466
2021-08-27,INTC,49.1478,49.636
2021-08-27,JNJ,151.5674,150.3933
2021-08-27,JPM,142.7292,143.8764
2021-08-27,KO,47.7224,47.7139
2021-08-27,LMT,315.5257,314.3966
2021-08-27,META,361.6363,369.0949
2021-08-27,MSFT,286.9489,287.6495
2021-08-27,NFLX,55.16,55.892
2021-08-27,NVDA,22.0828,22.5328
2021-08-27,PG,125.3046,125.1551
2021-08-27,TSLA,235.0,237.3067
2021-08-27,VZ,39.839,39.9265
2021-08-27,XOM,46.4932,46.8037
2021-08-27,^GSPC,4474.1001,4509.3701
2021-08-30,AAPL,145.3303,149.3488
2021-08-30,AMD,112.61,111.32
2021-08-30,AMZN,167.8715,171.0785
2021-08-30,BA,222.35,217.66
2021-08-30,COST,427.4383,432.0724
2021-08-30,DIS,175.0061,174.502
2021-08-30,GOOGL,143.0389,143.2276
2021-08-30,INTC,49.9768,49.682
2021-08-30,JNJ,150.2715,151.0281
2021-08-30,JPM,144.0175,141.5733
2021-08-30,KO,47.7482,48.1683
2021-08-30,LMT,314.6224,314.4487
2021-08-30,META,369.0256,377.0488
2021-08-30,MSFT,288.9931,291.3636
2021-08-30,NFLX,55.725,56.618
2021-08-30,NVDA,22.7259,22.5845
2021-08-30,PG,125.4102,125.7004
2021-08-30,TSLA,238.24,243.6367
2021-08-30,VZ,39.9047,39.9265
2021-08-30,XOM,47.1981,46.2918
2021-08-30,^GSPC,4513.7598,4528.79
2021-08-31,AAPL,148.9002,148.0906
2021-08-31,AMD,111.26,110.72
2021-08-31,AMZN,171.24,173.5395
2021-08-31,BA,217.33,219.5
2021-08-31,COST,432.2715,431.6555
2021-08-31,DIS,173.7942,175.7818
2021-08-31,GOOGL,143.7788,143.3336
2021-08-31,INTC,50.1426,49.7926
2021-08-31,JNJ,150.8803,150.5672
2021-08-31,JPM,141.5733,141.1409
2021-08-31,KO,48.1511,48.2797
2021-08-31,LMT,314.4048,314.7547
2021-08-31,META,376.3455,375.7809
2021-08-31,MSFT,292.1602,289.7225
2021-08-31,NFLX,56.612,56.919
2021-08-31,NVDA,22.5955,22.2868
2021-08-31,PG,125.7971,125.2255
2021-08-31,TSLA,244.3333,245.24
2021-08-31,VZ,39.8828,40.0942
2021-08-31,XOM,46.0987,45.7547
2021-08-31,^GSPC,4529.75,4522.6802
2021-09-01,AAPL,149.066,148.7538
2021-09-01,AMD,111.3,109.99
2021-09-01,AMZN,174.82,173.95
2021-09-01,BA,220.0,218.12
2021-09-01,COST,431.646,432.6316
2021-09-01,DIS,176.4217,177.8954
2021-09-01,GOOGL,143.6332,143.8467
2021-09-01,INTC,49.8386,49.4333
2021-09-01,JNJ,150.3672,151.0977
2021-09-01,JPM,141.3791,140.9379
2021-09-01,KO,48.3398,48.6056
2021-09-01,LMT,313.4426,312.0079
2021-09-01,META,375.9889,378.4256
2021-09-01,MSFT,290.6727,289.6746
2021-09-01,NFLX,56.9,58.207
2021-09-01,NVDA,22.3864,22.3426
2021-09-01,PG,125.1727,126.5007
2021-09-01,TSLA,244.6933,244.6967
2021-09-01,VZ,40.0942,40.0504
2021-09-01,XOM,45.7295,45.1252
2021-09-01,^GSPC,4528.7998,4524.0898
2021-09-02,AAPL,150.0804,149.8658
2021-09-02,AMD,110.32,109.2
2021-09-02,AMZN,174.738,173.156
2021-09-02,BA,218.95,220.83
2021-09-02,COST,435.3798,436.8487
2021-09-02,DIS,178.5548,176.3248
2021-09-02,GOOGL,143.8472,141.9364
2021-09-02,INTC,49.5531,49.4886
2021-09-02,JNJ,151.6195,152.1326
2021-09-02,JPM,141.2027,141.5909
2021-09-02,KO,48.6741,48.6741
2021-09-02,LMT,312.1392,313.2239
2021-09-02,META,377.8808,371.7198
2021-09-02,MSFT,290.0296,289.0218
2021-09-02,NFLX,58.368,58.855
2021-09-02,NVDA,22.4192,22.2978
2021-09-02,PG,126.6151,126.5975
2021-09-02,TSLA,244.8333,244.13
2021-09-02,VZ,40.0432,40.3056
2021-09-02,XOM,45.5616,46.2246
2021-09-02,^GSPC,4534.48,4536.9502
2021-09-03,AAPL,149.9731,150.4998
2021-09-03,AMD,108.85,109.92
2021-09-03,AMZN,172.6,173.9025
2021-09-03,BA,219.45,218.17
2021-09-03,COST,434.9817,438.3459
2021-09-03,DIS,176.286,175.4909
2021-09-03,GOOGL,141.7318,142.3846
2021-09-03,INTC,49.2215,49.286
2021-09-03,JNJ,152.2805,152.2283
2021-09-03,JPM,141.5292,140.735
2021-09-03,KO,48.4084,48.6399
2021-09-03,LMT,313.2239,311.4306
2021-09-03,META,371.1948,372.6905
2021-09-03,MSFT,288.8683,289.0123
2021-09-03,NFLX,58.58,59.053
2021-09-03,NVDA,22.2271,22.7428
2021-09-03,PG,126.4303,126.6854
2021-09-03,TSLA,244.0833,244.5233
2021-09-03,VZ,40.2691,40.4076
2021-09-03,XOM,46.2582,46.0484
2021-09-03,^GSPC,4532.4199,4535.4302
2021-09-07,AAPL,151.1533,152.8309
2021-09-07,AMD,109.96,109.15
2021-09-07,AMZN,173.9,175.4645
2021-09-07,BA,215.91,214.24
2021-09-07,COST,438.2986,435.5503
2021-09-07,DIS,175.5103,178.7293
2021-09-07,GOOGL,142.4787,142.9205
2021-09-07,INTC,49.3412,49.4149
2021-09-07,JNJ,151.6282,149.8628
2021-09-07,JPM,141.1762,140.4879
2021-09-07,KO,48.5284,47.731
2021-09-07,LMT,310.3109,305.482
2021-09-07,META,372.3141,378.5543
2021-09-07,MSFT,288.8875,288.0909
2021-09-07,NFLX,59.469,60.671
2021-09-07,NVDA,22.7329,22.5626
2021-09-07,PG,126.9229,126.2105
2021-09-07,TSLA,246.6667,250.9733
2021-09-07,VZ,40.3712,39.963
2021-09-07,XOM,45.8805,45.7798
2021-09-07,^GSPC,4535.3799,4520.0298
2021-09-08,AAPL,153.1138,151.2898
2021-09-08,AMD,108.88,106.17
2021-09-08,AMZN,175.5825,176.275
2021-09-08,BA,213.6,211.38
2021-09-08,COST,435.086,441.3312
2021-09-08,DIS,178.7293,179.5146
2021-09-08,GOOGL,142.7417,142.3366
2021-09-08,INTC,49.4886,49.3412
2021-09-08,JNJ,149.254,149.4975
2021-09-08,JPM,140.2056,139.8614
2021-09-08,KO,47.6796,48.3741
2021-09-08,LMT,306.5229,307.459
2021-09-08,META,376.5535,373.9881
2021-09-08,MSFT,287.707,288.1197
2021-09-08,NFLX,60.384,60.605
2021-09-08,NVDA,22.4143,22.241
2021-09-08,PG,125.8324,127.1691
2021-09-08,TSLA,253.86,251.29
2021-09-08,VZ,39.9411,40.0286
2021-09-08,XOM,45.9813,45.3602
2021-09-08,^GSPC,4518.0898,4514.0698
2021-09-09,AAPL,151.6604,150.2754
2021-09-09,AMD,106.56,106.15
2021-09-09,AMZN,176.301,174.208
2021-09-09,BA,211.15,213.94
2021-09-09,COST,442.8853,441.5586
2021-09-09,DIS,179.5146,180.2515
2021-09-09,GOOGL,142.4846,142.188
2021-09-09,INTC,49.4241,49.1847
2021-09-09,JNJ,148.8801,146.1667
2021-09-09,JPM,139.6584,140.4703
2021-09-09,KO,48.1683,47.8939
2021-09-09,LMT,306.6279,305.2457
2021-09-09,META,374.0574,374.4139
2021-09-09,MSFT,288.7051,285.2789
2021-09-09,NFLX,60.647,59.754
2021-09-09,NVDA,22.2142,22.0797
2021-09-09,PG,127.1427,126.6326
2021-09-09,TSLA,251.1367,251.62
2021-09-09,VZ,39.9703,39.686
2021-09-09,XOM,44.9994,45.3938
2021-09-09,^GSPC,4513.02,4493.2798
2021-09-10,AAPL,151.1826,145.3011
2021-09-10,AMD,106.99,105.2
2021-09-10,AMZN,175.0915,173.4575
2021-09-10,BA,215.16,210.3
2021-09-10,COST,442.7242,440.8194
2021-09-10,DIS,180.6878,178.516
2021-09-10,GOOGL,142.8531,139.5481
2021-09-10,INTC,49.5991,49.5899
2021-09-10,JNJ,146.5841,145.21
2021-09-10,JPM,141.6792,138.8555
2021-09-10,KO,48.0225,47.6796
2021-09-10,LMT,305.6919,302.5776
2021-09-10,META,377.7421,375.0974
2021-09-10,MSFT,286.4018,283.8009
2021-09-10,NFLX,59.816,59.872
2021-09-10,NVDA,22.25,22.3794
2021-09-10,PG,126.6942,126.7558
2021-09-10,TSLA,253.2,245.4233
2021-09-10,VZ,39.7734,39.5329
2021-09-10,XOM,46.3169,45.3015
2021-09-10,^GSPC,4506.9199,4458.5801
2021-09-13,AAPL,146.9201,145.8667
2021-09-13,AMD,105.26,104.8
2021-09-13,AMZN,174.14,172.8585
2021-09-13,BA,211.35,214.48
2021-09-13,COST,442.62,435.6072
2021-09-13,DIS,179.4855,179.3498
2021-09-13,GOOGL,140.6115,140.9909
2021-09-13,INTC,50.2991,50.6491
2021-09-13,JNJ,146.0362,144.1925
2021-09-13,JPM,139.8879,141.0615
2021-09-13,KO,47.791,48.074
2021-09-13,LMT,304.3534,302.9537
2021-09-13,META,378.0591,372.9382
2021-09-13,MSFT,285.5668,285.0294
2021-09-13,NFLX,59.857,58.929
2021-09-13,NVDA,22.5845,22.0549
2021-09-13,PG,127.389,128.1189
2021-09-13,TSLA,246.7367,247.6667
2021-09-13,VZ,39.6568,39.8172
2021-09-13,XOM,45.8638,46.468
2021-09-13,^GSPC,4474.8101,4468.73
2021-09-14,AAPL,146.647,144.472
2021-09-14,AMD,105.52,105.73
2021-09-14,AMZN,173.7775,172.5
2021-09-14,BA,215.84,211.57
2021-09-14,COST,436.8298,434.4227
2021-09-14,DIS,179.3304,176.8483
2021-09-14,GOOGL,141.6476,141.2009
2021-09-14,INTC,50.9992,50.2163
2021-09-14,JNJ,144.7143,143.3228
2021-09-14,JPM,141.5822,138.5996
2021-09-14,KO,48.3072,48.1085
2021-09-14,LMT,304.4322,301.2304
2021-09-14,META,373.8196,372.9579
2021-09-14,MSFT,287.496,287.7167
2021-09-14,NFLX,58.489,57.776
2021-09-14,NVDA,22.1773,22.1445
2021-09-14,PG,128.5147,127.8991
2021-09-14,TSLA,247.5233,248.1633
2021-09-14,VZ,39.839,39.6641
2021-09-14,XOM,46.7366,45.805
2021-09-14,^GSPC,4479.3301,4443.0498
2021-09-15,AAPL,144.9011,145.3596
2021-09-15,AMD,106.0,105.6
2021-09-15,AMZN,172.126,173.7895
2021-09-15,BA,211.79,214.22
2021-09-15,COST,434.2615,436.6212
2021-09-15,DIS,176.5187,178.7972
2021-09-15,GOOGL,141.4257,143.0681
2021-09-15,INTC,50.3544,50.7689
2021-09-15,JNJ,143.4967,143.862
2021-09-15,JPM,138.2907,139.5614
2021-09-15,KO,48.0999,48.2727
2021-09-15,LMT,301.6328,301.869
2021-09-15,META,373.4235,370.3727
2021-09-15,MSFT,291.047,292.5441
2021-09-15,NFLX,57.817,58.287
2021-09-15,NVDA,22.2112,22.243
2021-09-15,PG,127.8287,127.6264
2021-09-15,TSLA,248.3333,251.9433
2021-09-15,VZ,39.5912,39.7807
2021-09-15,XOM,46.468,47.3492
2021-09-15,^GSPC,4447.4902,4480.7002
2021-09-16,AAPL,144.7841,145.1255
2021-09-16,AMD,104.92,106.22
2021-09-16,AMZN,172.998,174.412
2021-09-16,BA,213.96,213.36
2021-09-16,COST,436.6781,439.0662
2021-09-16,DIS,178.3705,177.7597
2021-09-16,GOOGL,142.5936,142.2563
2021-09-16,INTC,50.5294,50.5018
2021-09-16,JNJ,144.062,143.6881
2021-09-16,JPM,140.6644,139.4996
2021-09-16,KO,48.1344,47.8148
2021-09-16,LMT,302.2276,298.7459
2021-09-16,META,369.2534,369.5208
2021-09-16,MSFT,291.5268,292.9279
2021-09-16,NFLX,58.43,58.65
2021-09-16,NVDA,22.0857,22.1445
2021-09-16,PG,127.3802,126.7382
2021-09-16,TSLA,250.9433,252.33
2021-09-16,VZ,39.8172,39.6787
2021-09-16,XOM,47.3828,46.8457
2021-09-16,^GSPC,4477.0898,4473.75
2021-09-17,AAPL,145.1547,142.4627
2021-09-17,AMD,105.56,103.88
2021-09-17,AMZN,174.4205,173.126
2021-09-17,BA,213.12,213.36
2021-09-17,COST,437.4646,435.4651
2021-09-17,DIS,177.3428,177.8858
2021-09-17,GOOGL,141.6823,139.4728
2021-09-17,INTC,50.2807,49.9768
2021-09-17,JNJ,142.888,143.2793
2021-09-17,JPM,138.8731,139.1378
2021-09-17,KO,47.5297,47.0287
2021-09-17,LMT,297.39,298.291
2021-09-17,META,367.8865,361.26
2021-09-17,MSFT,291.9202,287.7934
2021-09-17,NFLX,58.785,58.935
2021-09-17,NVDA,22.2022,21.804
2021-09-17,PG,126.9668,126.9404
2021-09-17,TSLA,252.3833,253.1633
2021-09-17,VZ,39.4673,39.5693
2021-09-17,XOM,46.4428,46.2918
2021-09-17,^GSPC,4469.7402,4432.9902
2021-09-20,AAPL,140.2584,139.4196
2021-09-20,AMD,101.58,101.55
2021-09-20,AMZN,169.8,167.7865
2021-09-20,BA,210.81,209.5
2021-09-20,COST,432.7357,427.533
2021-09-20,DIS,174.2693,173.1737
2021-09-20,GOOGL,136.8592,137.4119
2021-09-20,INTC,49.0097,48.7978
2021-09-20,JNJ,142.1748,142.4618
2021-09-20,JPM,135.7935,134.9729
2021-09-20,KO,46.7436,46.7004
2021-09-20,LMT,296.2965,296.0865
2021-09-20,META,355.8914,352.3256
2021-09-20,MSFT,284.396,282.4478
2021-09-20,NFLX,58.679,57.543
2021-09-20,NVDA,21.0533,21.0204
2021-09-20,PG,126.8349,125.6652
2021-09-20,TSLA,244.8533,243.39
2021-09-20,VZ,39.4089,39.5547
2021-09-20,XOM,45.1336,45.0581
2021-09-20,^GSPC,4402.9502,4357.73
2021-09-21,AAPL,140.3851,139.8974
2021-09-21,AMD,102.15,102.82
2021-09-21,AMZN,168.75,167.1815
2021-09-21,BA,210.25,208.51
2021-09-21,COST,427.5331,428.4523
2021-09-21,DIS,174.8317,165.9601
2021-09-21,GOOGL,138.4322,137.7225
2021-09-21,INTC,49.0005,48.6965
2021-09-21,JNJ,143.1575,143.088
2021-09-21,JPM,135.4759,134.9905
2021-09-21,KO,46.9855,46.6918
2021-09-21,LMT,296.3314,293.9782
2021-09-21,META,355.099,354.0887
2021-09-21,MSFT,283.7817,282.9276
2021-09-21,NFLX,57.831,57.314
2021-09-21,NVDA,21.3231,21.1528
2021-09-21,PG,125.7444,125.8588
2021-09-21,TSLA,244.93,246.46
2021-09-21,VZ,39.5766,39.3871
2021-09-21,XOM,45.6288,45.0161
2021-09-21,^GSPC,4374.4502,4354.1899
2021-09-22,AAPL,140.8924,142.2579
2021-09-22,AMD,102.82,104.38
2021-09-22,AMZN,167.55,169.0025
2021-09-22,BA,210.0,216.98
2021-09-22,COST,430.9067,428.6607
2021-09-22,DIS,167.6763,168.3647
2021-09-22,GOOGL,137.9909,138.9612
2021-09-22,INTC,49.1847,49.2768
2021-09-22,JNJ,143.8011,142.5662
2021-09-22,JPM,136.9495,137.576
2021-09-22,KO,47.0892,46.7609
2021-09-22,LMT,295.8066,298.9471
2021-09-22,META,343.9359,339.954
2021-09-22,MSFT,284.7798,286.5553
2021-09-22,NFLX,57.969,59.065
2021-09-22,NVDA,21.2723,21.8448
2021-09-22,PG,126.4831,126.2896
2021-09-22,TSLA,247.8433,250.6467
2021-09-22,VZ,39.4673,39.4089
2021-09-22,XOM,45.6791,46.3337
2021-09-22,^GSPC,4367.4302,4395.6401
2021-09-23,AAPL,143.0382,143.2138
2021-09-23,AMD,104.89,106.15
2021-09-23,AMZN,169.0025,170.8
2021-09-23,BA,217.81,221.1
2021-09-23,COST,428.6323,429.0872
2021-09-23,DIS,169.6154,170.8855
2021-09-23,GOOGL,139.6586,139.8849
2021-09-23,INTC,49.507,49.7649
2021-09-23,JNJ,142.975,143.375
2021-09-23,JPM,139.4202,142.2263
2021-09-23,KO,46.8732,46.6831
2021-09-23,LMT,297.6874,301.1079
2021-09-23,META,342.0836,342.6779
2021-09-23,MSFT,286.8145,287.4958
2021-09-23,NFLX,59.079,59.326
2021-09-23,NVDA,22.0429,22.3834
2021-09-23,PG,126.6942,126.8085
2021-09-23,TSLA,251.6667,251.2133
2021-09-23,VZ,39.511,39.6714
2021-09-23,XOM,46.51,47.9031
2021-09-23,^GSPC,4406.75,4448.98
2021-09-24,AAPL,142.0726,143.3015
2021-09-24,AMD,105.19,105.8
2021-09-24,AMZN,170.1005,171.276
2021-09-24,BA,219.13,221.39
2021-09-24,COST,432.1197,443.2738
2021-09-24,DIS,169.9644,170.6431
2021-09-24,GOOGL,139.2138,140.8745
2021-09-24,INTC,49.5347,49.9399
2021-09-24,JNJ,143.2793,142.9402
2021-09-24,JPM,142.4557,143.8675
2021-09-24,KO,46.6486,46.5536
2021-09-24,LMT,305.2807,305.7618
2021-09-24,META,339.9838,349.6115
2021-09-24,MSFT,286.2195,287.2943
2021-09-24,NFLX,59.25,59.239
2021-09-24,NVDA,21.9732,21.9842
2021-09-24,PG,126.4655,126.2457
2021-09-24,TSLA,248.63,258.13
2021-09-24,VZ,39.6276,39.6349
2021-09-24,XOM,47.5842,48.3311
2021-09-24,^GSPC,4438.04,4455.48
2021-09-27,AAPL,141.8872,141.7897
2021-09-27,AMD,105.07,108.16
2021-09-27,AMZN,168.575,170.29
2021-09-27,BA,224.0,224.16
2021-09-27,COST,441.189,436.4601
2021-09-27,DIS,171.254,172.8344
2021-09-27,GOOGL,139.4773,139.7422
2021-09-27,INTC,49.682,50.3452
2021-09-27,JNJ,142.6271,141.9053
2021-09-27,JPM,145.5971,147.3442
2021-09-27,KO,46.519,46.3117
2021-09-27,LMT,308.0539,309.1212
2021-09-27,META,346.4914,350.2256
2021-09-27,MSFT,284.2137,282.323
2021-09-27,NFLX,58.795,59.264
2021-09-27,NVDA,21.6148,21.565
2021-09-27,PG,125.8939,124.5835
2021-09-27,TSLA,257.7067,263.7867
2021-09-27,VZ,39.6932,39.7078
2021-09-27,XOM,49.3885,49.7662
2021-09-27,^GSPC,4442.1201,4443.1099
2021-09-28,AAPL,139.7219,138.4149
2021-09-28,AMD,106.84,101.52
2021-09-28,AMZN,167.8855,165.798
2021-09-28,BA,222.9,218.41
2021-09-28,COST,433.2191,423.9413
2021-09-28,DIS,172.3398,169.2081
2021-09-28,GOOGL,137.348,134.5497
2021-09-28,INTC,49.9031,49.7373
2021-09-28,JNJ,141.8444,141.5921
2021-09-28,JPM,147.9795,146.55
2021-09-28,KO,46.1821,45.4737
2021-09-28,LMT,309.1211,308.0626
2021-09-28,META,344.6688,337.4182
2021-09-28,MSFT,278.129,272.1019
2021-09-28,NFLX,58.9,58.385
2021-09-28,NVDA,21.121,20.6082
2021-09-28,PG,124.047,123.6425
2021-09-28,TSLA,262.4,259.1867
2021-09-28,VZ,39.6932,39.4818
2021-09-28,XOM,50.2697,50.2865
2021-09-28,^GSPC,4419.54,4352.6299
2021-09-29,AAPL,138.9611,139.3123
2021-09-29,AMD,102.3,100.35
2021-09-29,AMZN,166.1055,165.056
2021-09-29,BA,227.8,225.36
2021-09-29,COST,426.3294,428.149
2021-09-29,DIS,168.9464,167.4242
2021-09-29,GOOGL,135.6888,133.0871
2021-09-29,INTC,49.7373,49.2676
2021-09-29,JNJ,141.7574,142.6445
2021-09-29,JPM,146.6648,146.4353
2021-09-29,KO,45.4737,45.7502
2021-09-29,LMT,304.5459,306.4355
2021-09-29,META,339.8946,336.3882
2021-09-29,MSFT,273.6183,272.5626
2021-09-29,NFLX,58.901,59.906
2021-09-29,NVDA,20.8482,20.427
2021-09-29,PG,123.3611,124.9001
2021-09-29,TSLA,259.9333,260.4367
2021-09-29,VZ,39.4308,39.6422
2021-09-29,XOM,50.2194,50.2529
2021-09-29,^GSPC,4362.4102,4359.46
2021-09-30,AAPL,140.1218,138.015
2021-09-30,AMD,102.08,102.9
2021-09-30,AMZN,165.8,164.252
2021-09-30,BA,226.08,219.94
2021-09-30,COST,429.8833,425.8367
2021-09-30,DIS,167.8314,164.021
2021-09-30,GOOGL,132.996,132.416
2021-09-30,INTC,49.5162,49.0741
2021-09-30,JNJ,143.1837,140.4529
2021-09-30,JPM,147.2912,144.4411
2021-09-30,KO,45.9316,45.3269
2021-09-30,LMT,307.5203,301.8953
2021-09-30,META,337.2202,336.1703
2021-09-30,MSFT,274.2037,270.5663
2021-09-30,NFLX,60.805,61.034
2021-09-30,NVDA,20.6769,20.6252
2021-09-30,PG,125.4454,122.9477
2021-09-30,TSLA,260.3333,258.4933
2021-09-30,VZ,39.7297,39.3725
2021-09-30,XOM,50.4543,49.3633
2021-09-30,^GSPC,4370.6699,4307.54
2021-10-01,AAPL,138.4051,139.1367
2021-10-01,AMD,102.6,102.45
2021-10-01,AMZN,164.4505,164.163
2021-10-01,BA,222.85,226.0
2021-10-01,COST,426.1969,424.8701
2021-10-01,DIS,167.0363,170.6528
2021-10-01,GOOGL,133.1802,135.2559
2021-10-01,INTC,49.4149,49.6084
2021-10-01,JNJ,140.4789,139.5571
2021-10-01,JPM,144.7146,147.4766
2021-10-01,KO,45.5947,45.802
2021-10-01,LMT,303.8285,304.2572
2021-10-01,META,338.3692,339.7559
2021-10-01,MSFT,270.7583,277.4572
2021-10-01,NFLX,60.424,61.315
2021-10-01,NVDA,20.659,20.651
2021-10-01,PG,123.062,122.7542
2021-10-01,TSLA,259.4667,258.4067
2021-10-01,VZ,39.3798,39.5839
2021-10-01,XOM,49.8585,51.1341
2021-10-01,^GSPC,4317.1602,4357.04
2021-10-04,AAPL,138.2686,135.7131
2021-10-04,AMD,101.74,100.34
2021-10-04,AMZN,163.9695,159.489
2021-10-04,BA,225.68,223.79
2021-10-04,COST,424.8796,417.1087
2021-10-04,DIS,170.2165,168.1804
2021-10-04,GOOGL,134.6789,132.3996
2021-10-04,INTC,49.6728,49.2491
2021-10-04,JNJ,139.1397,138.47
2021-10-04,JPM,147.3354,147.3177
2021-10-04,KO,45.8366,45.7761
2021-10-04,LMT,304.1609,302.6738
2021-10-04,META,332.3469,323.1351
2021-10-04,MSFT,275.8256,271.7083
2021-10-04,NFLX,61.339,60.335
2021-10-04,NVDA,20.4141,19.6455
2021-10-04,PG,122.5872,122.0595
2021-10-04,TSLA,265.5,260.51
2021-10-04,VZ,39.6932,39.7297
2021-10-04,XOM,51.4614,51.7971
2021-10-04,^GSPC,4348.8398,4300.46
2021-10-05,AAPL,136.0545,137.6346
2021-10-05,AMD,100.92,101.81
2021-10-05,AMZN,160.225,161.05
2021-10-05,BA,224.27,224.42
2021-10-05,COST,416.5779,422.8894
2021-10-05,DIS,168.5392,169.2954
2021-10-05,GOOGL,132.7775,134.7408
2021-10-05,INTC,49.3228,49.6912
2021-10-05,JNJ,139.0266,138.7831
2021-10-05,JPM,148.4363,149.7235
2021-10-05,KO,45.802,45.8539
2021-10-05,LMT,302.6825,304.2134
2021-10-05,META,325.4628,329.8013
2021-10-05,MSFT,272.6105,277.1308
2021-10-05,NFLX,60.694,63.481
2021-10-05,NVDA,19.8625,20.3613
2021-10-05,PG,122.0683,122.5344
2021-10-05,TSLA,261.6,260.1967
2021-10-05,VZ,39.8318,39.737
2021-10-05,XOM,52.4685,51.7132
2021-10-05,^GSPC,4309.8701,4345.7202
2021-10-06,AAPL,136.035,138.5027
2021-10-06,AMD,100.45,103.64
2021-10-06,AMZN,160.6765,163.1005
2021-10-06,BA,221.08,224.99
2021-10-06,COST,420.7003,425.8272
2021-10-06,DIS,167.7344,170.1389
2021-10-06,GOOGL,133.4799,136.2683
2021-10-06,INTC,49.2584,49.7189
2021-10-06,JNJ,139.0353,139.0701
2021-10-06,JPM,149.1287,150.0431
2021-10-06,KO,45.586,46.3981
2021-10-06,LMT,303.5836,306.173
2021-10-06,META,326.6118,330.4748
2021-10-06,MSFT,274.2709,281.3057
2021-10-06,NFLX,62.818,63.91
2021-10-06,NVDA,20.0318,20.6092
2021-10-06,PG,122.2354,124.1702
2021-10-06,TSLA,258.7333,260.9167
2021-10-06,VZ,39.6131,39.7516
2021-10-06,XOM,50.7481,50.7649
2021-10-06,^GSPC,4319.5698,4363.5498
2021-10-07,AAPL,139.5366,139.7609
2021-10-07,AMD,104.6,106.45
2021-10-07,AMZN,164.577,165.1215
2021-10-07,BA,227.34,226.48
2021-10-07,COST,432.5841,429.1725
2021-10-07,DIS,172.2914,172.3011
2021-10-07,GOOGL,137.5828,137.9127
2021-10-07,INTC,50.032,49.9031
2021-10-07,JNJ,139.1658,140.3137
2021-10-07,JPM,151.9783,150.9929
2021-10-07,KO,46.64,46.5449
2021-10-07,LMT,306.3305,307.7389
2021-10-07,META,333.803,326.0968
2021-10-07,MSFT,283.2923,282.9756
2021-10-07,NFLX,64.223,63.185
2021-10-07,NVDA,20.9995,20.9826
2021-10-07,PG,124.6627,125.164
2021-10-07,TSLA,261.82,264.5367
2021-10-07,VZ,39.8622,39.7589
2021-10-07,XOM,50.8656,50.9075
2021-10-07,^GSPC,4383.73,4399.7598
2021-10-08,AAPL,140.4827,139.3805
2021-10-08,AMD,106.55,105.06
2021-10-08,AMZN,165.85,164.431
2021-10-08,BA,226.75,226.39
2021-10-08,COST,431.608,428.2059
2021-10-08,DIS,172.5144,171.3606
2021-10-08,GOOGL,138.2613,138.4679
2021-10-08,INTC,50.2439,49.5623
2021-10-08,JNJ,140.2963,139.9571
2021-10-08,JPM,150.9308,151.1083
2021-10-08,KO,46.6486,46.7523
2021-10-08,LMT,308.0013,309.4623
2021-10-08,META,328.3651,326.9189
2021-10-08,MSFT,284.2904,282.9756
2021-10-08,NFLX,63.417,63.266
2021-10-08,NVDA,21.0085,20.7397
2021-10-08,PG,125.1376,124.6451
2021-10-08,TSLA,265.4033,261.83
2021-10-08,VZ,39.7368,39.2721
2021-10-08,XOM,51.4027,52.1831
2021-10-08,^GSPC,4406.5098,4391.3398
2021-10-11,AAPL,138.7661,139.2928
2021-10-11,AMD,104.62,104.68
2021-10-11,AMZN,163.75,162.315
2021-10-11,BA,226.5,226.45
2021-10-11,COST,426.4905,426.1683
2021-10-11,DIS,170.6625,168.2386
2021-10-11,GOOGL,137.9791,137.6046
2021-10-11,INTC,49.5623,49.2215
2021-10-11,JNJ,139.8963,139.3658
2021-10-11,JPM,151.6232,147.9303
2021-10-11,KO,46.83,46.8473
2021-10-11,LMT,310.4683,312.3753
2021-10-11,META,324.5219,322.3625
2021-10-11,MSFT,281.1233,282.3806
2021-10-11,NFLX,63.32,62.704
2021-10-11,NVDA,20.4848,20.6042
2021-10-11,PG,125.2079,125.164
2021-10-11,TSLA,262.55,263.98
2021-10-11,VZ,39.2868,38.4902
2021-10-11,XOM,52.8965,51.6628
2021-10-11,^GSPC,4385.4399,4361.1899
2021-10-12,AAPL,139.7024,138.0247
2021-10-12,AMD,105.17,105.04
2021-10-12,AMZN,162.85,162.3665
2021-10-12,BA,226.0,223.57
2021-10-12,COST,426.5949,423.4865
2021-10-12,DIS,168.3356,167.8605
2021-10-12,GOOGL,138.1653,135.1628
2021-10-12,INTC,49.3412,48.0518
2021-10-12,JNJ,139.1483,137.1394
2021-10-12,JPM,147.1402,146.794
2021-10-12,KO,47.0114,46.8473
2021-10-12,LMT,312.2879,313.2852
2021-10-12,META,319.9655,320.6985
2021-10-12,MSFT,283.4459,281.0849
2021-10-12,NFLX,63.302,62.494
2021-10-12,NVDA,20.7367,20.5803
2021-10-12,PG,125.4102,124.9792
2021-10-12,TSLA,266.9767,268.5733
2021-10-12,VZ,38.4902,37.8632
2021-10-12,XOM,51.6712,51.3943
2021-10-12,^GSPC,4368.3101,4350.6499
2021-10-13,AAPL,137.7614,137.4395
2021-10-13,AMD,106.28,109.16
2021-10-13,AMZN,163.4855,164.214
2021-10-13,BA,224.0,221.78
2021-10-13,COST,425.069,421.9986
2021-10-13,DIS,168.3453,167.6956
2021-10-13,GOOGL,136.1073,136.2852
2021-10-13,INTC,48.2452,48.1347
2021-10-13,JNJ,137.2525,138.4526
2021-10-13,JPM,145.6488,142.9235
2021-10-13,KO,46.7955,46.8559
2021-10-13,LMT,314.5973,316.4694
2021-10-13,META,323.868,321.4611
2021-10-13,MSFT,283.0332,284.3768
2021-10-13,NFLX,63.218,62.976
2021-10-13,NVDA,20.8263,20.8472
2021-10-13,PG,125.2343,125.2695
2021-10-13,TSLA,270.1567,270.36
2021-10-13,VZ,37.7747,37.8779
2021-10-13,XOM,51.0082,51.2516
2021-10-13,^GSPC,4358.0098,4363.7998
2021-10-14,AAPL,138.61,140.2193
2021-10-14,AMD,110.5,111.99
2021-10-14,AMZN,165.1225,164.993
2021-10-14,BA,221.07,217.44
2021-10-14,COST,423.7138,427.0781
2021-10-14,DIS,168.7719,169.1015
2021-10-14,GOOGL,138.1593,139.8205
2021-10-14,INTC,48.7241,49.6452
2021-10-14,JNJ,138.8962,139.244
2021-10-14,JPM,143.5893,145.1162
2021-10-14,KO,46.9855,47.1755
2021-10-14,LMT,316.697,316.7407
2021-10-14,META,325.2449,325.4133
2021-10-14,MSFT,287.16,290.5574
2021-10-14,NFLX,63.223,63.38
2021-10-14,NVDA,21.1946,21.6506
2021-10-14,PG,125.6124,126.6854
2021-10-14,TSLA,271.83,272.7733
2021-10-14,VZ,37.8189,38.2984
2021-10-14,XOM,51.7887,52.0321
2021-10-14,^GSPC,4386.75,4438.2598
2021-10-15,AAPL,140.2291,141.2728
2021-10-15,AMD,112.51,112.12
2021-10-15,AMZN,165.571,170.451
2021-10-15,BA,218.17,217.04
2021-10-15,COST,430.139,428.7175
2021-10-15,DIS,170.3425,171.0891
2021-10-15,GOOGL,140.2796,140.0355
2021-10-15,INTC,49.9215,50.161
2021-10-15,JNJ,140.0441,140.279
2021-10-15,JPM,146.7851,147.9036
2021-10-15,KO,47.2015,47.0633
2021-10-15,LMT,318.5165,319.8462
2021-10-15,META,325.5618,321.679
2021-10-15,MSFT,290.164,291.9587
2021-10-15,NFLX,63.8,62.829
2021-10-15,NVDA,21.7144,21.7661
2021-10-15,PG,127.0988,127.0108
2021-10-15,TSLA,274.58,281.01
2021-10-15,VZ,38.4164,38.5566
2021-10-15,XOM,52.6447,52.5272
2021-10-15,^GSPC,4447.6899,4471.3701
2021-10-18,AAPL,139.917,142.9406
2021-10-18,AMD,111.9,116.43
2021-10-18,AMZN,169.418,172.337
2021-10-18,BA,216.0,216.98
2021-10-18,COST,426.0831,437.7774
2021-10-18,DIS,167.1139,165.931
2021-10-18,GOOGL,139.7467,141.4322
2021-10-18,INTC,49.9123,50.1702
2021-10-18,JNJ,139.3658,139.2527
2021-10-18,JPM,147.7882,147.8504
2021-10-18,KO,46.9509,46.5968
2021-10-18,LMT,318.7177,319.3039
2021-10-18,META,325.8294,332.1587
2021-10-18,MSFT,291.3445,294.9147
2021-10-18,NFLX,63.21,63.797
2021-10-18,NVDA,21.6536,22.1245
2021-10-18,PG,126.2456,125.1815
2021-10-18,TSLA,283.93,290.0367
2021-10-18,VZ,38.4754,38.291
2021-10-18,XOM,52.9468,52.5021
2021-10-18,^GSPC,4463.7202,4486.46
2021-10-19,AAPL,143.3894,145.0963
2021-10-19,AMD,116.16,116.33
2021-10-19,AMZN,171.7145,172.2075
2021-10-19,BA,217.47,215.97
2021-10-19,COST,438.7724,442.6389
2021-10-19,DIS,166.2219,165.9698
2021-10-19,GOOGL,142.0359,141.8868
2021-10-19,INTC,50.3176,50.8518
2021-10-19,JNJ,139.931,142.514
2021-10-19,JPM,148.605,149.6436
2021-10-19,KO,46.6832,46.7782
2021-10-19,LMT,320.6161,324.614
2021-10-19,META,336.4278,336.7646
2021-10-19,MSFT,295.9319,295.8167
2021-10-19,NFLX,63.697,63.9
2021-10-19,NVDA,22.1783,22.1923
2021-10-19,PG,122.3145,123.704
2021-10-19,TSLA,292.51,288.09
2021-10-19,VZ,38.3574,38.6156
2021-10-19,XOM,52.7622,53.2909
2021-10-19,^GSPC,4497.3398,4519.6299
2021-10-20,AAPL,145.0377,145.5839
2021-10-20,AMD,116.29,116.39
2021-10-20,AMZN,172.633,170.753
2021-10-20,BA,215.49,216.17
2021-10-20,COST,444.0035,445.1881
2021-10-20,DIS,165.7662,165.359
2021-10-20,GOOGL,141.9869,140.4327
2021-10-20,INTC,50.8886,50.9992
2021-10-20,JNJ,142.6097,142.4358
2021-10-20,JPM,149.4039,151.6587
2021-10-20,KO,46.8041,47.1928
2021-10-20,LMT,325.2351,324.6664
2021-10-20,META,340.1917,337.5471
2021-10-20,MSFT,296.7572,295.0297
2021-10-20,NFLX,62.557,62.514
2021-10-20,NVDA,22.2072,22.0061
2021-10-20,PG,123.2555,124.1878
2021-10-20,TSLA,288.45,288.6
2021-10-20,VZ,38.9402,39.545
2021-10-20,XOM,52.779,53.5847
2021-10-20,^GSPC,4524.4199,4536.1899
2021-10-21,AAPL,145.1449,145.7984
2021-10-21,AMD,116.5,119.33
2021-10-21,AMZN,170.7125,171.7505
2021-10-21,BA,216.54,214.34
2021-10-21,COST,445.1882,452.2578
2021-10-21,DIS,165.0197,166.125
2021-10-21,GOOGL,140.4327,140.5486
2021-10-21,INTC,50.5939,51.5794
2021-10-21,JNJ,142.8879,142.1052
2021-10-21,JPM,151.5877,150.4692
2021-10-21,KO,47.1669,46.9509
2021-10-21,LMT,325.1037,326.4247
2021-10-21,META,337.0519,338.6367
2021-10-21,MSFT,294.7994,298.2448
2021-10-21,NFLX,62.889,65.316
2021-10-21,NVDA,22.0001,22.5925
2021-10-21,PG,124.6479,123.294
2021-10-21,TSLA,285.3333,298.0
2021-10-21,VZ,39.663,39.3827
2021-10-21,XOM,53.2658,52.6112
2021-10-21,^GSPC,4532.2402,4549.7798
2021-10-22,AAPL,146.0033,145.028
2021-10-22,AMD,120.83,119.82
2021-10-22,AMZN,171.05,166.7775
2021-10-22,BA,214.6,212.97
2021-10-22,COST,453.9256,456.7686
2021-10-22,DIS,165.3784,164.2634
2021-10-22,GOOGL,137.8384,136.2698
2021-10-22,INTC,46.4123,45.5557
2021-10-22,JNJ,141.8095,142.3835
2021-10-22,JPM,150.9397,152.4932
2021-10-22,KO,46.9855,47.0373
2021-10-22,LMT,327.1158,327.702
2021-10-22,META,323.254,321.5305
2021-10-22,MSFT,297.8993,296.7092
2021-10-22,NFLX,65.181,66.478
2021-10-22,NVDA,22.7229,22.6263
2021-10-22,PG,123.3471,124.6214
2021-10-22,TSLA,298.5,303.2267
2021-10-22,VZ,39.4049,39.0434
2021-10-22,XOM,52.6783,52.972
2021-10-22,^GSPC,4546.1201,4544.8999
2021-10-25,AAPL,145.0182,144.9792
2021-10-25,AMD,120.52,122.36
2021-10-25,AMZN,166.75,166.0185
2021-10-25,BA,213.25,212.87
2021-10-25,COST,456.7687,464.4543
2021-10-25,DIS,164.7288,166.7746
2021-10-25,GOOGL,136.2535,136.1514
2021-10-25,INTC,45.8965,45.5096
2021-10-25,JNJ,142.3835,142.6966
2021-10-25,JPM,153.3187,151.7475
2021-10-25,KO,46.9769,46.8473
2021-10-25,LMT,328.848,329.2154
2021-10-25,META,317.2613,325.5717
2021-10-25,MSFT,296.9012,295.7208
2021-10-25,NFLX,66.374,67.166
2021-10-25,NVDA,22.8723,23.0644
2021-10-25,PG,124.2497,124.6391
2021-10-25,TSLA,316.8433,341.62
2021-10-25,VZ,39.0729,38.7852
2021-10-25,XOM,53.4756,54.0043
2021-10-25,^GSPC,4553.6899,4566.48
2021-10-26,AAPL,145.6522,145.6424
2021-10-26,AMD,122.99,122.93
2021-10-26,AMZN,167.4755,168.8035
2021-10-26,BA,213.19,209.81
2021-10-26,COST,456.9014,460.1235
2021-10-26,DIS,167.686,166.8036
2021-10-26,GOOGL,137.9508,137.9954
2021-10-26,INTC,45.5004,44.4688
2021-10-26,JNJ,143.1141,144.149
2021-10-26,JPM,151.8008,152.1558
2021-10-26,KO,46.925,47.0546
2021-10-26,LMT,304.7208,290.3565
2021-10-26,META,325.1458,312.8139
2021-10-26,MSFT,298.4753,297.6211
2021-10-26,NFLX,67.376,66.852
2021-10-26,NVDA,23.8838,24.6086
2021-10-26,PG,125.3204,126.4089
2021-10-26,TSLA,341.5633,339.4767
2021-10-26,VZ,38.8738,39.1541
2021-10-26,XOM,54.1218,55.2547
2021-10-26,^GSPC,4578.6899,4574.79
2021-10-27,AAPL,145.6814,145.184
2021-10-27,AMD,121.63,122.28
2021-10-27,AMZN,169.4,169.6245
2021-10-27,BA,212.85,206.61
2021-10-27,COST,458.5314,463.5161
2021-10-27,DIS,166.5419,164.3895
2021-10-27,GOOGL,138.0909,144.8392
2021-10-27,INTC,44.6899,44.1096
2021-10-27,JNJ,144.0881,142.4009
2021-10-27,JPM,151.1971,148.9867
2021-10-27,KO,48.3504,47.9617
2021-10-27,LMT,291.31,289.5079
2021-10-27,META,311.2093,309.258
2021-10-27,MSFT,303.2738,310.155
2021-10-27,NFLX,66.9,66.292
2021-10-27,NVDA,24.3667,24.3438
2021-10-27,PG,126.6655,125.5063
2021-10-27,TSLA,346.5533,345.9533
2021-10-27,VZ,39.2204,38.8221
2021-10-27,XOM,54.684,53.8196
2021-10-27,^GSPC,4580.2202,4551.6802
2021-10-28,AAPL,146.1301,148.8124
2021-10-28,AMD,122.86,121.16
2021-10-28,AMZN,170.105,172.3285
2021-10-28,BA,206.0,207.85
2021-10-28,COST,462.2252,465.6139
2021-10-28,DIS,164.3215,164.5155
2021-10-28,GOOGL,145.7476,144.4742
2021-10-28,INTC,44.3399,44.2846
2021-10-28,JNJ,142.4271,141.627
2021-10-28,JPM,149.4039,151.2326
2021-10-28,KO,48.1604,48.4109
2021-10-28,LMT,288.6857,289.9017
2021-10-28,META,310.0207,313.9134
2021-10-28,MSFT,311.2683,311.2875
2021-10-28,NFLX,67.095,67.405
2021-10-28,NVDA,24.7689,24.8316
2021-10-28,PG,125.5594,126.2584
2021-10-28,TSLA,356.1033,359.0133
2021-10-28,VZ,38.9106,38.9475
2021-10-28,XOM,53.5595,53.9707
2021-10-28,^GSPC,4562.8398,4596.4199
2021-10-29,AAPL,143.5941,146.1106
2021-10-29,AMD,120.95,120.23
2021-10-29,AMZN,165.001,168.6215
2021-10-29,BA,206.84,207.03
2021-10-29,COST,462.0544,466.5726
2021-10-29,DIS,163.8756,163.9241
2021-10-29,GOOGL,143.7105,146.6505
2021-10-29,INTC,44.303,45.132
2021-10-29,JNJ,141.1921,141.653
2021-10-29,JPM,151.9605,150.8154
2021-10-29,KO,48.264,48.6959
2021-10-29,LMT,288.6857,290.7152
2021-10-29,META,317.1524,320.5003
2021-10-29,MSFT,311.0763,318.2647
2021-10-29,NFLX,67.306,69.031
2021-10-29,NVDA,24.8914,25.4549
2021-10-29,PG,125.7983,126.5327
2021-10-29,TSLA,360.62,371.3333
2021-10-29,VZ,38.7262,39.0877
2021-10-29,XOM,54.5917,54.105
2021-10-29,^GSPC,4572.8701,4605.3799
2021-11-01,AAPL,145.3206,145.2913
2021-11-01,AMD,119.45,125.23
2021-11-01,AMZN,168.09,165.9055
2021-11-01,BA,207.0,214.58
2021-11-01,COST,469.05,466.8858
2021-11-01,DIS,164.0598,165.01
2021-11-01,GOOGL,146.6505,142.1444
2021-11-01,INTC,45.5004,45.6386
2021-11-01,JNJ,141.8965,141.7748
2021-11-01,JPM,152.724,150.7355
2021-11-01,KO,48.7132,48.5232
2021-11-01,LMT,289.0967,289.4991
2021-11-01,META,322.9469,326.8495
2021-11-01,MSFT,318.0153,316.1055
2021-11-01,NFLX,68.906,68.117
2021-11-01,NVDA,25.5365,25.7137
2021-11-01,PG,126.8602,126.2231
2021-11-01,TSLA,381.6667,402.8633
2021-11-01,VZ,39.2721,39.0582
2021-11-01,XOM,54.6085,55.0785
2021-11-01,^GSPC,4610.6201,4613.6699
2021-11-02,AAPL,144.9987,146.3252
2021-11-02,AMD,124.98,127.63
2021-11-02,AMZN,165.7505,165.6375
2021-11-02,BA,213.83,212.77
2021-11-02,COST,469.61,471.7458
2021-11-02,DIS,164.8548,164.6609
2021-11-02,GOOGL,143.2167,144.0617
2021-11-02,INTC,45.6938,45.9241
2021-11-02,JNJ,142.3662,144.0099
2021-11-02,JPM,150.7355,151.3303
2021-11-02,KO,48.7823,48.4627
2021-11-02,LMT,289.9542,285.4576
2021-11-02,META,328.2362,324.9675
2021-11-02,MSFT,317.0075,319.7139
2021-11-02,NFLX,68.311,67.772
2021-11-02,NVDA,25.7088,26.2852
2021-11-02,PG,126.2938,127.4796
2021-11-02,TSLA,386.4533,390.6667
2021-11-02,VZ,39.1319,38.7779
2021-11-02,XOM,54.5749,54.3987
2021-11-02,^GSPC,4613.3398,4630.6499
2021-11-03,AAPL,146.6861,147.759
2021-11-03,AMD,127.75,130.53
2021-11-03,AMZN,165.45,169.2
2021-11-03,BA,211.47,213.38
2021-11-03,COST,475.8748,476.8145
2021-11-03,DIS,164.5349,164.9033
2021-11-03,GOOGL,144.5253,145.2162
2021-11-03,INTC,45.9886,46.4123
2021-11-03,JNJ,143.5315,143.5489
2021-11-03,JPM,151.0284,151.3835
2021-11-03,KO,48.3763,48.6268
2021-11-03,LMT,284.7491,289.8667
2021-11-03,META,324.3832,328.474
2021-11-03,MSFT,320.453,320.549
2021-11-03,NFLX,67.727,68.829
2021-11-03,NVDA,26.553,26.4814
2021-11-03,PG,127.5416,128.3557
2021-11-03,TSLA,392.4433,404.62
2021-11-03,VZ,38.7926,39.0508
2021-11-03,XOM,53.7441,53.6518
2021-11-03,^GSPC,4630.6499,4660.5698
2021-11-04,AAPL,147.8468,147.242
2021-11-04,AMD,132.01,137.5
2021-11-04,AMZN,168.5,173.85
2021-11-04,BA,213.8,213.03
2021-11-04,COST,481.2568,489.4295
2021-11-04,DIS,164.8548,165.0972
2021-11-04,GOOGL,145.7377,146.8699
2021-11-04,INTC,46.5959,46.6608
2021-11-04,JNJ,143.4446,143.1489
2021-11-04,JPM,150.913,149.395
2021-11-04,KO,48.4713,48.8946
2021-11-04,LMT,289.8229,293.4971
2021-11-04,META,330.8413,332.6638
2021-11-04,MSFT,319.4837,322.8907
2021-11-04,NFLX,68.589,66.84
2021-11-04,NVDA,27.1096,29.6703
2021-11-04,PG,126.4,128.5946
2021-11-04,TSLA,411.47,409.97
2021-11-04,VZ,39.0287,38.2468
2021-11-04,XOM,54.2812,54.0546
2021-11-04,^GSPC,4662.9302,4680.0601
2021-11-05,AAPL,148.3653,147.7695
2021-11-05,AMD,139.19,136.34
2021-11-05,AMZN,173.85,175.9495
2021-11-05,BA,217.7,224.46
2021-11-05,COST,488.6227,487.0565
2021-11-05,DIS,168.2192,170.2844
2021-11-05,GOOGL,147.7634,147.4489
2021-11-05,INTC,46.8834,47.2266
2021-11-05,JNJ,141.3052,142.1313
2021-11-05,JPM,149.9365,149.1819
2021-11-05,KO,49.102,49.102
2021-11-05,LMT,294.7655,297.3375
2021-11-05,META,337.0816,337.8938
2021-11-05,MSFT,324.8773,322.526
2021-11-05,NFLX,66.397,64.572
2021-11-05,NVDA,30.0546,29.6215
2021-11-05,PG,128.7008,129.2317
2021-11-05,TSLA,409.3333,407.3633
2021-11-05,VZ,38.3722,38.5344
2021-11-05,XOM,54.5917,54.5665
2021-11-05,^GSPC,4699.2598,4697.5298
2021-11-08,AAPL,147.8965,146.949
2021-11-08,AMD,137.7,150.16
2021-11-08,AMZN,176.162,174.449
2021-11-08,BA,225.24,222.68
2021-11-08,COST,487.3317,478.2194
2021-11-08,DIS,173.2512,171.4866
2021-11-08,GOOGL,148.4127,147.6262
2021-11-08,INTC,47.7274,47.8109
2021-11-08,JNJ,142.3488,141.6443
2021-11-08,JPM,150.0697,150.0786
2021-11-08,KO,49.0242,48.6614
2021-11-08,LMT,298.8597,298.9909
2021-11-08,META,341.1526,335.4076
2021-11-08,MSFT,323.716,323.4185
2021-11-08,NFLX,65.029,65.145
2021-11-08,NVDA,30.0168,30.6689
2021-11-08,PG,128.7539,128.2672
2021-11-08,TSLA,383.2633,387.6467
2021-11-08,VZ,38.5787,38.6008
2021-11-08,XOM,55.0113,55.154
2021-11-08,^GSPC,4701.48,4701.7002
2021-11-09,AAPL,146.7146,147.3104
2021-11-09,AMD,154.01,148.92
2021-11-09,AMZN,175.7625,178.8115
2021-11-09,BA,222.49,220.79
2021-11-09,COST,479.4627,482.8704
2021-11-09,DIS,171.5642,169.7802
2021-11-09,GOOGL,147.8263,147.5148
2021-11-09,INTC,47.8016,47.4863
2021-11-09,JNJ,141.4182,141.3312
2021-11-09,JPM,148.5606,148.9423
2021-11-09,KO,48.7305,48.7996
2021-11-09,LMT,298.641,295.8329
2021-11-09,META,336.7745,332.1884
2021-11-09,MSFT,323.5337,322.4205
2021-11-09,NFLX,65.37,65.599
2021-11-09,NVDA,32.1404,30.5226
2021-11-09,PG,128.338,128.6565
2021-11-09,TSLA,391.2,341.1667
2021-11-09,VZ,38.5787,38.5344
2021-11-09,XOM,55.196,55.6911
2021-11-09,^GSPC,4707.25,4685.25
2021-11-10,AAPL,146.5387,144.4875
2021-11-10,AMD,143.93,139.87
2021-11-10,AMZN,178.1935,174.1025
2021-11-10,BA,219.36,218.5
2021-11-10,COST,482.4433,479.8329
2021-11-10,DIS,169.373,169.1403
2021-11-10,GOOGL,146.1097,144.5183
2021-11-10,INTC,47.2822,47.0782
2021-11-10,JNJ,141.3487,142.8619
2021-11-10,JPM,148.6493,148.8002
2021-11-10,KO,48.8428,48.9983
2021-11-10,LMT,296.3577,295.3604
2021-11-10,META,329.3357,324.5318
2021-11-10,MSFT,321.096,317.4778
2021-11-10,NFLX,65.301,64.691
2021-11-10,NVDA,29.2273,29.3298
2021-11-10,PG,128.9663,129.922
2021-11-10,TSLA,336.8033,355.9833
2021-11-10,VZ,38.6672,38.8
2021-11-10,XOM,55.555,54.594
2021-11-10,^GSPC,4670.2598,4646.71
2021-11-11,AAPL,145.5033,144.4386
2021-11-11,AMD,142.96,146.01
2021-11-11,AMZN,175.65,173.625
2021-11-11,BA,220.5,219.38
2021-11-11,COST,480.488,486.1642
2021-11-11,DIS,157.9321,157.1759
2021-11-11,GOOGL,145.1087,144.3925
2021-11-11,INTC,47.3101,46.8649
2021-11-11,JNJ,142.1836,141.8096
2021-11-11,JPM,148.7115,148.7914
2021-11-11,KO,49.0933,49.0156
2021-11-11,LMT,294.9318,293.8383
2021-11-11,META,326.6911,324.6308
2021-11-11,MSFT,317.9096,319.0421
2021-11-11,NFLX,65.024,65.758
2021-11-11,NVDA,30.3344,30.2567
2021-11-11,PG,129.9574,129.5503
2021-11-11,TSLA,367.59,354.5033
2021-11-11,VZ,38.9033,38.6894
2021-11-11,XOM,54.594,54.696
2021-11-11,^GSPC,4659.3901,4649.27
2021-11-12,AAPL,144.9857,146.5095
2021-11-12,AMD,146.03,147.89
2021-11-12,AMZN,174.25,176.2575
2021-11-12,BA,219.72,220.96
2021-11-12,COST,488.129,490.9007
2021-11-12,DIS,158.543,154.7714
2021-11-12,GOOGL,145.2335,147.2766
2021-11-12,INTC,46.9298,46.6608
2021-11-12,JNJ,145.6101,143.5054
2021-11-12,JPM,148.8269,148.1256
2021-11-12,KO,49.0242,48.9033
2021-11-12,LMT,293.602,296.6114
2021-11-12,META,327.0476,337.656
2021-11-12,MSFT,320.4721,323.1593
2021-11-12,NFLX,66.001,68.261
2021-11-12,NVDA,29.8784,30.2567
2021-11-12,PG,129.8512,129.6919
2021-11-12,TSLA,349.1667,344.4733
2021-11-12,VZ,38.7336,38.6082
2021-11-12,XOM,54.3983,54.2793
2021-11-12,^GSPC,4655.2402,4682.8501
2021-11-15,AAPL,146.8806,146.5192
2021-11-15,AMD,148.0,146.49
2021-11-15,AMZN,176.85,177.284
2021-11-15,BA,227.37,233.09
2021-11-15,COST,492.1537,493.4826
2021-11-15,DIS,155.2174,153.6079
2021-11-15,GOOGL,147.4969,147.0527
2021-11-15,INTC,46.7536,46.6701
2021-11-15,JNJ,143.4967,142.2096
2021-11-15,JPM,148.4363,147.8592
2021-11-15,KO,48.8342,48.9119
2021-11-15,LMT,297.0401,298.2386
2021-11-15,META,341.0733,344.2628
2021-11-15,MSFT,323.9463,322.5355
2021-11-15,NFLX,68.124,67.933
2021-11-15,NVDA,30.418,29.8933
2021-11-15,PG,130.1077,130.4351
2021-11-15,TSLA,339.21,337.7967
2021-11-15,VZ,38.682,38.6525
2021-11-15,XOM,54.2282,54.7471
2021-11-15,^GSPC,4689.2998,4682.7998
2021-11-16,AAPL,146.4606,147.496
2021-11-16,AMD,145.93,152.45
2021-11-16,AMZN,176.95,177.035
2021-11-16,BA,232.94,225.8
2021-11-16,COST,493.4351,499.9656
2021-11-16,DIS,154.2187,153.9957
2021-11-16,GOOGL,146.753,146.4821
2021-11-16,INTC,46.7165,46.9391
2021-11-16,JNJ,141.9139,141.4704
2021-11-16,JPM,148.3031,146.794
2021-11-16,KO,48.9119,48.5664
2021-11-16,LMT,299.0871,297.7574
2021-11-16,META,340.5682,339.7065
2021-11-16,MSFT,322.1612,325.837
2021-11-16,NFLX,67.827,68.74
2021-11-16,NVDA,29.6285,30.0705
2021-11-16,PG,130.4263,130.2494
2021-11-16,TSLA,334.4367,351.5767
2021-11-16,VZ,38.7336,38.4017
2021-11-16,XOM,54.7215,55.2999
2021-11-16,^GSPC,4679.4199,4700.8999
2021-11-17,AAPL,147.496,149.9282
2021-11-17,AMD,151.98,151.34
2021-11-17,AMZN,178.236,177.45
2021-11-17,BA,229.54,226.62
2021-11-17,COST,500.706,499.5575
2021-11-17,DIS,153.8988,152.5414
2021-11-17,GOOGL,146.6322,146.6515
2021-11-17,INTC,46.9298,46.5866
2021-11-17,JNJ,141.6443,142.0009
2021-11-17,JPM,146.6608,146.0039
2021-11-17,KO,48.4109,48.2986
2021-11-17,LMT,296.9788,299.1746
2021-11-17,META,340.9742,337.5371
2021-11-17,MSFT,325.8851,326.0582
2021-11-17,NFLX,69.0,69.169
2021-11-17,NVDA,30.2846,29.1327
2021-11-17,PG,130.0547,130.1697
2021-11-17,TSLA,354.5033,363.0033
2021-11-17,VZ,38.3648,38.1582
2021-11-17,XOM,54.7556,54.696
2021-11-17,^GSPC,4701.5,4688.6699
2021-11-18,AAPL,150.1431,154.2066
2021-11-18,AMD,157.07,155.02
2021-11-18,AMZN,178.3175,184.803
2021-11-18,BA,230.3,227.25
2021-11-18,COST,501.3325,502.481
2021-11-18,DIS,152.3087,150.8447
2021-11-18,GOOGL,146.8442,148.4261
2021-11-18,INTC,46.5959,46.0765
2021-11-18,JNJ,142.1487,141.2356
2021-11-18,JPM,145.9329,144.7434
2021-11-18,KO,48.2295,47.8666
2021-11-18,LMT,299.8132,299.2533
2021-11-18,META,336.4972,335.4769
2021-11-18,MSFT,325.1544,328.1254
2021-11-18,NFLX,69.161,68.202
2021-11-18,NVDA,32.2251,31.5361
2021-11-18,PG,130.1166,130.1874
2021-11-18,TSLA,368.85,365.46
2021-11-18,VZ,37.9886,37.7968
2021-11-18,XOM,54.5685,54.1007
2021-11-18,^GSPC,4700.7202,4704.54
2021-11-19,AAPL,153.9917,156.8244
2021-11-19,AMD,155.76,155.41
2021-11-19,AMZN,185.6345,183.8285
2021-11-19,BA,225.07,214.13
2021-11-19,COST,506.9518,506.6765
2021-11-19,DIS,150.3017,149.3127
2021-11-19,GOOGL,148.5618,147.5227
2021-11-19,INTC,46.0023,45.9281
2021-11-19,JNJ,141.7922,141.6617
2021-11-19,JPM,143.1898,142.8525
2021-11-19,KO,47.8926,47.6248
2021-11-19,LMT,298.2036,298.6935
2021-11-19,META,338.9536,342.0242
2021-11-19,MSFT,329.4426,329.8945
2021-11-19,NFLX,69.235,67.88
2021-11-19,NVDA,32.1016,32.8404
2021-11-19,PG,130.9219,129.922
2021-11-19,TSLA,366.29,379.02
2021-11-19,VZ,37.8263,37.5165
2021-11-19,XOM,52.6378,51.6002
2021-11-19,^GSPC,4708.4399,4697.96
2021-11-22,AAPL,157.9282,157.2835
2021-11-22,AMD,157.14,152.52
2021-11-22,AMZN,183.819,178.6285
2021-11-22,BA,215.0,209.9
2021-11-22,COST,506.2303,512.2388
2021-11-22,DIS,148.5662,149.4679
2021-11-22,GOOGL,147.9249,144.923
2021-11-22,INTC,45.956,46.2157
2021-11-22,JNJ,140.9614,139.7971
2021-11-22,JPM,145.7287,145.8974
2021-11-22,KO,47.5988,47.9185
2021-11-22,LMT,298.9471,301.7902
2021-11-22,META,345.7386,337.7749
2021-11-22,MSFT,331.3463,326.7408
2021-11-22,NFLX,67.602,65.92
2021-11-22,NVDA,33.37,31.8159
2021-11-22,PG,130.0547,130.7891
2021-11-22,TSLA,387.4433,385.6233
2021-11-22,VZ,37.5091,38.0181
2021-11-22,XOM,51.3025,52.3146
2021-11-22,^GSPC,4712.0,4682.9399
2021-11-23,AAPL,157.3811,157.6644
2021-11-23,AMD,150.41,149.92
2021-11-23,AMZN,179.252,179.002
2021-11-23,BA,211.5,209.13
2021-11-23,COST,510.6347,517.5638
2021-11-23,DIS,149.1576,146.4331
2021-11-23,GOOGL,144.7754,144.4079
2021-11-23,INTC,46.5217,45.5386
2021-11-23,JNJ,139.6396,140.6638
2021-11-23,JPM,146.9182,149.3861
2021-11-23,KO,48.0826,48.2727
2021-11-23,LMT,301.7904,301.9653
2021-11-23,META,335.7147,334.0506
2021-11-23,MSFT,324.0678,324.6736
2021-11-23,NFLX,65.818,65.406
2021-11-23,NVDA,31.3967,31.6068
2021-11-23,PG,130.8157,132.2404
2021-11-23,TSLA,389.17,369.6767
2021-11-23,VZ,38.0329,38.173
2021-11-23,XOM,52.893,53.6924
2021-11-23,^GSPC,4678.48,4690.7002
2021-11-24,AAPL,157.0197,158.1821
2021-11-24,AMD,149.46,157.8
2021-11-24,AMZN,178.1335,179.0205
2021-11-24,BA,207.52,210.6
2021-11-24,COST,517.8297,521.8069
2021-11-24,DIS,146.1035,146.7337
2021-11-24,GOOGL,144.1023,144.7427
2021-11-24,INTC,45.316,46.1507
2021-11-24,JNJ,140.1823,140.2699
2021-11-24,JPM,149.546,148.2144
2021-11-24,KO,48.1258,47.8839
2021-11-24,LMT,301.6853,300.5655
2021-11-24,META,332.8124,337.8244
2021-11-24,MSFT,323.3275,324.8947
2021-11-24,NFLX,65.801,65.829
2021-11-24,NVDA,31.323,32.5307
2021-11-24,PG,131.6475,131.5502
2021-11-24,TSLA,360.13,372.0
2021-11-24,VZ,38.0845,38.1066
2021-11-24,XOM,53.2246,53.9901
2021-11-24,^GSPC,4675.7798,4701.46
2021-11-26,AAPL,155.8671,153.1712
2021-11-26,AMD,155.8,154.81
2021-11-26,AMZN,180.105,175.228
2021-11-26,BA,197.57,199.21
2021-11-26,COST,521.636,518.3897
2021-11-26,DIS,142.3319,143.602
2021-11-26,GOOGL,142.9879,140.8428
2021-11-26,INTC,45.3531,45.2418
2021-11-26,JNJ,140.585,139.3595
2021-11-26,JPM,143.9355,143.7491
2021-11-26,KO,47.1583,46.4154
2021-11-26,LMT,296.8127,299.8132
2021-11-26,META,332.6143,329.9597
2021-11-26,MSFT,321.4719,316.9818
2021-11-26,NFLX,67.5,66.564
2021-11-26,NVDA,32.457,31.3648
2021-11-26,PG,131.4794,130.4972
2021-11-26,TSLA,366.49,360.64
2021-11-26,VZ,37.7304,38.2099
2021-11-26,XOM,51.4726,52.0935
2021-11-26,^GSPC,4664.6299,4594.6201
2021-11-29,AAPL,155.6718,156.5216
2021-11-29,AMD,157.5,161.91
2021-11-29,AMZN,177.382,178.0785
2021-11-29,BA,201.87,198.5
2021-11-29,COST,518.3897,526.6953
2021-11-29,DIS,144.2807,143.3111
2021-11-29,GOOGL,142.6427,144.1587
2021-11-29,INTC,45.7241,46.3733
2021-11-29,JNJ,139.6221,139.8409
2021-11-29,JPM,144.9742,143.1277
2021-11-29,KO,46.6918,47.1496
2021-11-29,LMT,300.9329,298.5097
2021-11-29,META,333.694,334.8232
2021-11-29,MSFT,322.0392,323.6641
2021-11-29,NFLX,66.32,66.384
2021-11-29,NVDA,32.2241,33.2296
2021-11-29,PG,130.7803,131.8687
2021-11-29,TSLA,366.9967,378.9967
2021-11-29,VZ,38.0697,38.1066
2021-11-29,XOM,53.2161,52.3827
2021-11-29,^GSPC,4628.75,4655.27
2021-11-30,AAPL,156.2774,161.4642
2021-11-30,AMD,163.28,158.37
2021-11-30,AMZN,178.175,175.3535
2021-11-30,BA,196.02,197.85
2021-11-30,COST,523.0124,511.9827
2021-11-30,DIS,142.2543,140.4897
2021-11-30,GOOGL,143.6417,140.56
2021-11-30,INTC,45.9096,45.6313
2021-11-30,JNJ,138.7555,136.497
2021-11-30,JPM,141.2901,140.9971
2021-11-30,KO,46.6621,45.661
2021-11-30,LMT,297.4248,294.0025
2021-11-30,META,331.8219,321.3818
2021-11-30,MSFT,322.4045,317.8567
2021-11-30,NFLX,66.82,64.19
2021-11-30,NVDA,33.0235,32.5327
2021-11-30,PG,130.798,127.9398
2021-11-30,TSLA,381.4567,381.5867
2021-11-30,VZ,37.8116,37.0813
2021-11-30,XOM,51.4216,50.8943
2021-11-30,^GSPC,4640.25,4567.0
2021-12-01,AAPL,163.5936,160.9465
2021-12-01,AMD,160.37,149.11
2021-12-01,AMZN,177.25,172.186
2021-12-01,BA,200.81,188.19
2021-12-01,COST,515.5136,502.9272
2021-12-01,DIS,142.2349,137.8234
2021-12-01,GOOGL,142.6426,139.7219
2021-12-01,INTC,46.2249,45.0749
2021-12-01,JNJ,137.3287,138.3791
2021-12-01,JPM,142.9235,140.1627
2021-12-01,KO,46.1224,45.5304
2021-12-01,LMT,295.4843,289.6805
2021-12-01,META,327.1566,307.6534
2021-12-01,MSFT,322.2219,317.3664
2021-12-01,NFLX,64.948,61.777
2021-12-01,NVDA,33.0774,31.301
2021-12-01,PG,128.1787,129.5503
2021-12-01,TSLA,386.9,365.0
2021-12-01,VZ,37.251,36.7125
2021-12-01,XOM,51.7958,50.8517
2021-12-01,^GSPC,4602.8198,4513.04
2021-12-02,AAPL,155.0564,159.9599
2021-12-02,AMD,147.68,150.68
2021-12-02,AMZN,173.0,171.868
2021-12-02,BA,196.8,202.38
2021-12-02,COST,492.1727,498.8172
2021-12-02,DIS,138.4924,142.7197
2021-12-02,GOOGL,139.9186,141.6184
2021-12-02,INTC,45.0841,45.9096
2021-12-02,JNJ,137.6613,137.5125
2021-12-02,JPM,141.8849,143.1099
2021-12-02,KO,45.7916,46.2007
2021-12-02,LMT,291.0741,291.5416
2021-12-02,META,308.4458,307.4454
2021-12-02,MSFT,317.5778,316.799
2021-12-02,NFLX,61.71,61.647
2021-12-02,NVDA,31.0809,31.989
2021-12-02,PG,130.0901,130.3113
2021-12-02,TSLA,366.3533,361.5333
2021-12-02,VZ,36.7567,37.4206
2021-12-02,XOM,50.8092,52.119
2021-12-02,^GSPC,4504.73,4577.1001
2021-12-03,AAPL,160.2139,158.0845
2021-12-03,AMD,151.65,144.01
2021-12-03,AMZN,172.75,169.4895
2021-12-03,BA,198.7,198.49
2021-12-03,COST,503.0695,502.0633
2021-12-03,DIS,143.3111,141.7695
2021-12-03,GOOGL,142.3267,140.663
2021-12-03,INTC,46.0765,45.6777
2021-12-03,JNJ,138.2303,139.5171
2021-12-03,JPM,143.3674,140.5178
2021-12-03,KO,46.4271,46.6099
2021-12-03,LMT,292.2649,294.4348
2021-12-03,META,310.7537,303.929
2021-12-03,MSFT,319.2028,310.5687
2021-12-03,NFLX,62.275,60.213
2021-12-03,NVDA,31.8636,30.5621
2021-12-03,PG,130.9839,132.6298
2021-12-03,TSLA,361.5967,338.3233
2021-12-03,VZ,37.3173,37.9296
2021-12-03,XOM,52.6633,51.7873
2021-12-03,^GSPC,4589.4902,4538.4302
2021-12-06,AAPL,160.4776,161.4837
2021-12-06,AMD,141.14,139.06
2021-12-06,AMZN,169.65,171.3685
2021-12-06,BA,199.77,205.88
2021-12-06,COST,505.2148,506.1165
2021-12-06,DIS,142.7973,145.7932
2021-12-06,GOOGL,141.6922,141.8056
2021-12-06,INTC,45.891,47.2915
2021-12-06,JNJ,140.2261,142.6334
2021-12-06,JPM,142.9324,142.1778
2021-12-06,KO,47.2802,47.8026
2021-12-06,LMT,297.4689,299.8593
2021-12-06,META,305.2068,314.8544
2021-12-06,MSFT,311.4724,313.6262
2021-12-06,NFLX,60.601,61.269
2021-12-06,NVDA,29.7526,29.9089
2021-12-06,PG,132.9041,134.6385
2021-12-06,TSLA,333.8367,336.3367
2021-12-06,VZ,38.0919,37.6714
2021-12-06,XOM,52.4932,52.3741
2021-12-06,^GSPC,4548.3701,4591.6699
2021-12-07,AAPL,165.1564,167.2077
2021-12-07,AMD,143.9,144.85
2021-12-07,AMZN,174.6,176.1645
2021-12-07,BA,207.06,208.83
2021-12-07,COST,510.9099,514.4885
2021-12-07,DIS,147.2185,146.2198
2021-12-07,GOOGL,144.2241,145.8814
2021-12-07,INTC,50.6953,48.7569
2021-12-07,JNJ,143.5613,143.0011
2021-12-07,JPM,143.7047,144.3172
2021-12-07,KO,47.8983,48.0637
2021-12-07,LMT,299.8945,299.1624
2021-12-07,META,318.5194,319.7476
2021-12-07,MSFT,318.8663,322.0199
2021-12-07,NFLX,61.983,62.558
2021-12-07,NVDA,30.825,32.2887
2021-12-07,PG,134.4615,134.2845
2021-12-07,TSLA,348.0667,350.5833
2021-12-07,VZ,37.6198,37.4649
2021-12-07,XOM,53.0205,52.961
2021-12-07,^GSPC,4631.9702,4686.75
2021-12-08,AAPL,168.1357,171.0172
2021-12-08,AMD,144.96,145.24
2021-12-08,AMZN,176.1505,176.158
2021-12-08,BA,209.18,211.03
2021-12-08,COST,518.4658,503.1835
2021-12-08,DIS,146.3168,148.6728
2021-12-08,GOOGL,146.2053,146.7897
2021-12-08,INTC,48.7569,47.9964
2021-12-08,JNJ,143.0973,143.8589
2021-12-08,JPM,144.3971,142.6661
2021-12-08,KO,47.9854,47.8809
2021-12-08,LMT,299.6387,300.8471
2021-12-08,META,321.9168,327.424
2021-12-08,MSFT,322.3949,322.068
2021-12-08,NFLX,63.0,62.808
2021-12-08,NVDA,31.8626,31.6903
2021-12-08,PG,134.2137,134.8863
2021-12-08,TSLA,350.9033,356.32
2021-12-08,VZ,37.4132,37.2436
2021-12-08,XOM,53.2502,53.1141
2021-12-08,^GSPC,4690.8599,4701.21
2021-12-09,AAPL,170.8512,170.5093
2021-12-09,AMD,145.16,138.1
2021-12-09,AMZN,175.75,174.171
2021-12-09,BA,207.53,207.56
2021-12-09,COST,501.94,497.6971
2021-12-09,DIS,147.6354,148.285
2021-12-09,GOOGL,146.1998,146.2469
2021-12-09,INTC,47.579,46.8185
2021-12-09,JNJ,143.7189,145.2245
2021-12-09,JPM,141.7251,142.4441
2021-12-09,KO,47.6633,47.759
2021-12-09,LMT,299.8416,303.0699
2021-12-09,META,326.4137,326.6911
2021-12-09,MSFT,321.5295,320.27
2021-12-09,NFLX,62.758,61.1
2021-12-09,NVDA,31.5987,30.36
2021-12-09,PG,134.7801,135.6738
2021-12-09,TSLA,353.5467,334.6
2021-12-09,VZ,37.1772,37.0001
2021-12-09,XOM,52.7739,53.2502
2021-12-09,^GSPC,4691.0,4667.4502
2021-12-10,AAPL,171.1442,175.2858
2021-12-10,AMD,141.29,138.55
2021-12-10,AMZN,175.417,172.212
2021-12-10,BA,208.81,205.06
2021-12-10,COST,507.5498,530.4351
2021-12-10,DIS,148.9055,148.062
2021-12-10,GOOGL,147.2983,146.6064
2021-12-10,INTC,47.1524,46.9205
2021-12-10,JNJ,144.9356,144.8656
2021-12-10,JPM,143.2076,141.876
2021-12-10,KO,48.0986,48.9952
2021-12-10,LMT,305.0456,304.1989
2021-12-10,META,329.405,326.6217
2021-12-10,MSFT,322.0776,329.3464
2021-12-10,NFLX,61.678,61.166
2021-12-10,NVDA,31.0172,30.0692
2021-12-10,PG,136.1428,137.5675
2021-12-10,TSLA,336.25,339.01
2021-12-10,VZ,37.1256,37.0223
2021-12-10,XOM,53.8115,53.5904
2021-12-10,^GSPC,4687.6401,4712.02
2021-12-13,AAPL,176.9171,171.6619
2021-12-13,AMD,138.25,133.8
2021-12-13,AMZN,172.0,169.5675
2021-12-13,BA,202.5,197.4
2021-12-13,COST,522.4809,528.9164
2021-12-13,DIS,147.49,145.8514
2021-12-13,GOOGL,146.3885,144.452
2021-12-13,INTC,47.1617,46.3733
2021-12-13,JNJ,144.2178,147.4567
2021-12-13,JPM,141.5919,140.1893
2021-12-13,KO,49.6046,50.2837
2021-12-13,LMT,303.7756,304.7899
2021-12-13,META,327.8103,331.3167
2021-12-13,MSFT,327.5581,326.3274
2021-12-13,NFLX,61.2,60.456
2021-12-13,NVDA,30.12,28.0409
2021-12-13,PG,137.426,139.5232
2021-12-13,TSLA,333.6967,322.1367
2021-12-13,VZ,36.9559,37.0887
2021-12-13,XOM,53.1311,52.4167
2021-12-13,^GSPC,4710.2998,4668.9702
2021-12-14,AAPL,171.1833,170.2847
2021-12-14,AMD,131.67,135.6
2021-12-14,AMZN,167.55,169.0915
2021-12-14,BA,195.6,195.5
2021-12-14,COST,528.1952,517.64
2021-12-14,DIS,144.717,144.5619
2021-12-14,GOOGL,142.611,142.5505
2021-12-14,INTC,46.2064,46.0951
2021-12-14,JNJ,147.3517,149.0674
2021-12-14,JPM,139.7721,141.2635
2021-12-14,KO,49.9703,50.3185
2021-12-14,LMT,303.2022,304.8692
2021-12-14,META,324.9379,330.5739
2021-12-14,MSFT,320.3854,315.6934
2021-12-14,NFLX,59.871,59.799
2021-12-14,NVDA,27.5809,28.2162
2021-12-14,PG,139.7267,140.0364
2021-12-14,TSLA,315.0,319.5033
2021-12-14,VZ,37.1551,37.3616
2021-12-14,XOM,52.102,52.3401
2021-12-14,^GSPC,4642.9902,4634.0898
2021-12-15,AAPL,171.0465,175.1393
2021-12-15,AMD,135.11,146.5
2021-12-15,AMZN,168.598,173.315
2021-12-15,BA,195.28,195.43
2021-12-15,COST,518.4656,536.7568
2021-12-15,DIS,144.2322,145.8223
2021-12-15,GOOGL,142.0572,145.0607
2021-12-15,INTC,46.2527,46.9947
2021-12-15,JNJ,148.6823,149.8115
2021-12-15,JPM,141.9026,140.2071
2021-12-15,KO,50.4316,50.5448
2021-12-15,LMT,304.6488,303.7932
2021-12-15,META,329.3357,338.4187
2021-12-15,MSFT,315.953,321.7603
2021-12-15,NFLX,59.818,60.504
2021-12-15,NVDA,28.2789,30.3291
2021-12-15,PG,139.4966,140.5762
2021-12-15,TSLA,317.7367,325.33
2021-12-15,VZ,37.4944,37.2878
2021-12-15,XOM,52.0425,52.1105
2021-12-15,^GSPC,4636.46,4709.8501
2021-12-16,AAPL,175.1197,168.2626
2021-12-16,AMD,147.0,138.64
2021-12-16,AMZN,173.3685,168.871
2021-12-16,BA,197.0,190.79
2021-12-16,COST,536.1019,524.5596
2021-12-16,DIS,146.7434,144.2225
2021-12-16,GOOGL,145.7833,143.0835
2021-12-16,INTC,47.0596,47.1431
2021-12-16,JNJ,149.9165,151.4484
2021-12-16,JPM,142.382,142.3997
2021-12-16,KO,50.4752,51.0585
2021-12-16,LMT,304.8957,304.1636
2021-12-16,META,335.7642,331.7229
2021-12-16,MSFT,322.7795,312.3859
2021-12-16,NFLX,59.709,59.106
2021-12-16,NVDA,31.0192,28.266
2021-12-16,PG,140.4612,142.5673
2021-12-16,TSLA,331.5,308.9733
2021-12-16,VZ,37.369,38.9106
2021-12-16,XOM,52.2551,52.1955
2021-12-16,^GSPC,4719.1299,4668.6699
2021-12-17,AAPL,165.9867,167.1687
2021-12-17,AMD,136.3,137.75
2021-12-17,AMZN,167.7105,170.0175
2021-12-17,BA,190.27,192.63
2021-12-17,COST,521.4177,519.7946
2021-12-17,DIS,143.9898,144.2322
2021-12-17,GOOGL,141.1568,140.3891
2021-12-17,INTC,46.9205,46.9483
2021-12-17,JNJ,148.4984,147.2641
2021-12-17,JPM,141.4321,139.1595
2021-12-17,KO,50.9192,50.2575
2021-12-17,LMT,304.7899,303.5463
2021-12-17,META,329.6428,330.6234
2021-12-17,MSFT,308.5207,311.3282
2021-12-17,NFLX,59.161,58.673
2021-12-17,NVDA,27.8657,27.6825
2021-12-17,PG,142.169,139.3373
2021-12-17,TSLA,304.9233,310.8567
2021-12-17,VZ,39.1319,39.2205
2021-12-17,XOM,51.8383,51.0559
2021-12-17,^GSPC,4652.5,4620.6401
2021-12-20,AAPL,164.375,165.8109
2021-12-20,AMD,135.97,135.8
2021-12-20,AMZN,166.85,167.079
2021-12-20,BA,188.11,188.48
2021-12-20,COST,514.5928,520.6962
2021-12-20,DIS,142.5064,142.0119
2021-12-20,GOOGL,138.6804,140.2722
2021-12-20,INTC,46.2899,46.0023
2021-12-20,JNJ,146.8965,146.8439
2021-12-20,JPM,137.1621,136.6561
2021-12-20,KO,49.7962,50.0921
2021-12-20,LMT,300.7766,297.6189
2021-12-20,META,326.6515,322.3625
2021-12-20,MSFT,307.7226,307.588
2021-12-20,NFLX,58.643,59.374
2021-12-20,NVDA,27.1886,27.6008
2021-12-20,PG,138.5763,139.6913
2021-12-20,TSLA,303.5667,299.98
2021-12-20,VZ,38.8959,39.1614
2021-12-20,XOM,50.0012,50.3159
2021-12-20,^GSPC,4587.8999,4568.02
2021-12-21,AAPL,167.5789,168.9757
2021-12-21,AMD,138.19,144.25
2021-12-21,AMZN,167.8505,170.417
2021-12-21,BA,190.28,199.52
2021-12-21,COST,522.5379,517.7254
2021-12-21,DIS,143.0688,146.4525
2021-12-21,GOOGL,140.7145,142.1201
2021-12-21,INTC,46.3177,47.0875
2021-12-21,JNJ,147.1153,146.3712
2021-12-21,JPM,137.9611,138.5648
2021-12-21,KO,50.1531,50.2924
2021-12-21,LMT,298.8096,300.5737
2021-12-21,META,323.3134,331.0295
2021-12-21,MSFT,310.8379,314.6838
2021-12-21,NFLX,59.754,60.492
2021-12-21,NVDA,28.253,28.951
2021-12-21,PG,139.5055,139.6028
2021-12-21,TSLA,305.6233,312.8433
2021-12-21,VZ,39.2868,38.9328
2021-12-21,XOM,50.8177,51.4556
2021-12-21,^GSPC,4594.96,4649.23
2021-12-22,AAPL,169.0245,171.5642
2021-12-22,AMD,142.65,143.88
2021-12-22,AMZN,169.27,171.037
2021-12-22,BA,199.46,201.69
2021-12-22,COST,517.6777,521.7498
2021-12-22,DIS,145.8417,147.2573
2021-12-22,GOOGL,141.7189,145.0349
2021-12-22,INTC,46.9669,47.273
2021-12-22,JNJ,146.2399,147.0015
2021-12-22,JPM,138.263,139.1063
2021-12-22,KO,50.2401,50.6493
2021-12-22,LMT,300.9177,302.6642
2021-12-22,META,330.6333,327.3151
2021-12-22,MSFT,315.6549,320.3662
2021-12-22,NFLX,60.336,61.424
2021-12-22,NVDA,28.7678,29.2747
2021-12-22,PG,139.6117,140.9833
2021-12-22,TSLA,321.8867,336.29
2021-12-22,VZ,38.7852,38.9254
2021-12-22,XOM,51.3195,51.8723
2021-12-22,^GSPC,4650.3599,4696.5601
2021-12-23,AAPL,171.7694,172.1894
2021-12-23,AMD,143.89,146.14
2021-12-23,AMZN,170.428,171.0685
2021-12-23,BA,202.13,204.22
2021-12-23,COST,523.7148,522.4144
2021-12-23,DIS,147.6839,148.954
2021-12-23,GOOGL,145.1191,145.5317
2021-12-23,INTC,47.375,47.5883
2021-12-23,JNJ,146.9577,147.2816
2021-12-23,JPM,139.9141,139.6034
2021-12-23,KO,50.9453,50.6841
2021-12-23,LMT,303.2286,306.0864
2021-12-23,META,326.9684,332.0596
2021-12-23,MSFT,319.9335,321.7988
2021-12-23,NFLX,61.64,61.409
2021-12-23,NVDA,29.6281,29.5136
2021-12-23,PG,141.1425,141.6735
2021-12-23,TSLA,335.6,355.6667
2021-12-23,VZ,38.9844,38.859
2021-12-23,XOM,52.0254,51.8979
2021-12-23,^GSPC,4703.96,4725.79
2021-12-27,AAPL,172.9806,176.1454
2021-12-27,AMD,147.51,154.36
2021-12-27,AMZN,171.037,169.6695
2021-12-27,BA,201.99,203.17
2021-12-27,COST,523.5249,534.8489
2021-12-27,DIS,148.2268,148.1492
2021-12-27,GOOGL,145.868,146.5123
2021-12-27,INTC,47.6254,48.1726
2021-12-27,JNJ,148.0607,148.5246
2021-12-27,JPM,139.9053,140.4024
2021-12-27,KO,50.4926,51.0585
2021-12-27,LMT,306.157,308.9619
2021-12-27,META,335.6354,342.8959
2021-12-27,MSFT,322.5391,329.2599
2021-12-27,NFLX,61.5,61.312
2021-12-27,NVDA,29.5335,30.8131
2021-12-27,PG,142.1779,143.3283
2021-12-27,TSLA,357.89,364.6467
2021-12-27,VZ,38.8664,38.859
2021-12-27,XOM,51.8213,52.6378
2021-12-27,^GSPC,4733.9902,4791.1899
2021-12-28,AAPL,175.9793,175.1295
2021-12-28,AMD,155.88,153.15
2021-12-28,AMZN,170.1825,170.661
2021-12-28,BA,202.23,206.13
2021-12-28,COST,534.8109,535.9595
2021-12-28,DIS,147.9747,150.4762
2021-12-28,GOOGL,146.8387,145.3043
2021-12-28,INTC,48.1633,48.0057
2021-12-28,JNJ,148.6297,149.1199
2021-12-28,JPM,140.4379,140.8285
2021-12-28,KO,50.8408,51.2587
2021-12-28,LMT,308.7679,312.0226
2021-12-28,META,343.3416,342.9355
2021-12-28,MSFT,329.9328,328.106
2021-12-28,NFLX,61.495,61.071
2021-12-28,NVDA,31.1785,30.1927
2021-12-28,PG,143.3195,144.0982
2021-12-28,TSLA,369.83,362.8233
2021-12-28,VZ,38.8221,38.8885
2021-12-28,XOM,52.6548,52.4677
2021-12-28,^GSPC,4795.4902,4786.3501
2021-12-29,AAPL,175.1686,175.2174
2021-12-29,AMD,152.82,148.26
2021-12-29,AMZN,170.84,169.201
2021-12-29,BA,205.36,203.66
2021-12-29,COST,537.6301,538.9305
2021-12-29,DIS,149.8557,150.1562
2021-12-29,GOOGL,145.2622,145.2726
2021-12-29,INTC,48.052,48.0706
2021-12-29,JNJ,148.8135,150.1704
2021-12-29,JPM,141.0149,140.7574
2021-12-29,KO,51.3196,51.3196
2021-12-29,LMT,311.7492,312.4813
2021-12-29,META,343.6189,339.6866
2021-12-29,MSFT,328.1542,328.7792
2021-12-29,NFLX,61.071,61.054
2021-12-29,NVDA,30.1439,29.8731
2021-12-29,PG,144.4256,145.2928
2021-12-29,TSLA,366.2133,362.0633
2021-12-29,VZ,38.9254,38.623
2021-12-29,XOM,52.2891,52.0084
2021-12-29,^GSPC,4788.6401,4793.0601
2021-12-30,AAPL,175.3053,174.0648
2021-12-30,AMD,147.44,145.15
2021-12-30,AMZN,169.7,168.6445
2021-12-30,BA,203.0,202.71
2021-12-30,COST,540.6013,535.2667
2021-12-30,DIS,150.9707,151.184
2021-12-30,GOOGL,145.3113,144.8224
2021-12-30,INTC,48.1541,47.9871
2021-12-30,JNJ,150.6693,150.8356
2021-12-30,JPM,141.2457,140.6864
2021-12-30,KO,51.4154,51.1716
2021-12-30,LMT,313.1252,311.8727
2021-12-30,META,340.7365,341.0931
2021-12-30,MSFT,328.7407,326.2505
2021-12-30,NFLX,61.299,61.209
2021-12-30,NVDA,29.6998,29.4599
2021-12-30,PG,145.4786,144.0362
2021-12-30,TSLA,353.7767,356.78
2021-12-30,VZ,38.6377,38.5418
2021-12-30,XOM,52.068,51.7023
2021-12-30,^GSPC,4794.23,4778.73
2021-12-31,AAPL,173.9573,173.4494
2021-12-31,AMD,146.16,143.9
2021-12-31,AMZN,168.956,166.717
2021-12-31,BA,202.2,201.32
2021-12-31,COST,534.7921,538.8642
2021-12-31,DIS,151.1258,150.1756
2021-12-31,GOOGL,144.6733,143.4866
2021-12-31,INTC,48.1262,47.7645
2021-12-31,JNJ,151.0282,149.7502
2021-12-31,JPM,140.6598,140.5711
2021-12-31,KO,51.1455,51.546
2021-12-31,LMT,311.511,313.4868
2021-12-31,META,339.7658,333.1591
2021-12-31,MSFT,325.4716,323.366
2021-12-31,NFLX,61.001,60.244
2021-12-31,NVDA,29.5475,29.2856
2021-12-31,PG,144.1158,144.753
2021-12-31,TSLA,357.8133,352.26
2021-12-31,VZ,38.5049,38.3279
2021-12-31,XOM,51.6597,52.0424
2021-12-31,^GSPC,4775.21,4766.1802
2022-01-03,AAPL,173.7034,177.7864
2022-01-03,AMD,145.14,150.24
2022-01-03,AMZN,167.55,170.4045
2022-01-03,BA,204.0,207.86
2022-01-03,COST,536.3298,537.9245
2022-01-03,DIS,151.087,151.9887
2022-01-03,GOOGL,143.6877,143.6248
2022-01-03,INTC,47.9036,49.3505
2022-01-03,JNJ,148.9974,150.1616
2022-01-03,JPM,141.9115,143.5449
2022-01-03,KO,51.2065,51.6243
2022-01-03,LMT,312.8429,312.5607
2022-01-03,META,335.0905,335.3283
2022-01-03,MSFT,322.4334,321.8565
2022-01-03,NFLX,60.561,59.737
2022-01-03,NVDA,29.6879,29.9926
2022-01-03,PG,143.0805,144.1512
2022-01-03,TSLA,382.5833,399.9267
2022-01-03,VZ,38.4091,38.682
2022-01-03,XOM,52.085,54.0411
2022-01-03,^GSPC,4778.1401,4796.5601
2022-01-04,AAPL,178.392,175.53
2022-01-04,AMD,151.01,144.42
2022-01-04,AMZN,170.438,167.522
2022-01-04,BA,211.3,213.63
2022-01-04,COST,535.5703,535.5703
2022-01-04,DIS,153.763,150.9901
2022-01-04,GOOGL,144.0255,143.0384
2022-01-04,INTC,49.6844,49.2856
2022-01-04,JNJ,149.7414,149.7589
2022-01-04,JPM,145.8619,148.9867
2022-01-04,KO,51.9987,52.4862
2022-01-04,LMT,313.5927,319.2907
2022-01-04,META,336.725,333.3374
2022-01-04,MSFT,321.9334,316.3376
2022-01-04,NFLX,59.991,59.115
2022-01-04,NVDA,30.1479,29.1651
2022-01-04,PG,143.6114,144.6556
2022-01-04,TSLA,396.5167,383.1967
2022-01-04,VZ,38.8295,39.4417
2022-01-04,XOM,54.5429,56.0738
2022-01-04,^GSPC,4804.5098,4793.54
2022-01-05,AAPL,175.4421,170.8609
2022-01-05,AMD,142.82,136.15
2022-01-05,AMZN,166.883,164.357
2022-01-05,BA,216.64,213.07
2022-01-05,COST,535.0578,521.9872
2022-01-05,DIS,151.756,150.4665
2022-01-05,GOOGL,143.0587,136.4763
2022-01-05,INTC,50.2594,49.9626
2022-01-05,JNJ,150.5643,150.7569
2022-01-05,JPM,149.8708,146.2629
2022-01-05,KO,52.3121,52.9215
2022-01-05,LMT,320.1815,315.8948
2022-01-05,META,329.8607,321.0947
2022-01-05,MSFT,313.3088,304.194
2022-01-05,NFLX,59.2,56.752
2022-01-05,NVDA,28.8256,27.4863
2022-01-05,PG,144.6291,145.3105
2022-01-05,TSLA,382.2167,362.7067
2022-01-05,VZ,39.7147,39.8475
2022-01-05,XOM,56.5586,56.7713
2022-01-05,^GSPC,4787.9902,4700.5801
2022-01-06,AAPL,168.6925,168.0087
2022-01-06,AMD,136.19,136.23
2022-01-06,AMZN,163.4505,163.254
2022-01-06,BA,214.64,211.34
2022-01-06,COST,518.4563,521.8734
2022-01-06,DIS,151.4846,152.1245
2022-01-06,GOOGL,135.7071,136.4491
2022-01-06,INTC,50.6489,50.0925
2022-01-06,JNJ,150.6956,150.2404
2022-01-06,JPM,149.0581,147.8168
2022-01-06,KO,52.6429,52.6429
2022-01-06,LMT,317.5354,315.7713
2022-01-06,META,319.7575,329.306
2022-01-06,MSFT,301.0884,301.7903
2022-01-06,NFLX,55.434,55.329
2022-01-06,NVDA,27.5222,28.0579
2022-01-06,PG,145.4255,144.0893
2022-01-06,TSLA,359.0,354.9
2022-01-06,VZ,40.1868,39.6557
2022-01-06,XOM,57.8344,58.1066
2022-01-06,^GSPC,4693.3901,4696.0498
2022-01-07,AAPL,168.878,168.1747
2022-01-07,AMD,136.28,132.0
2022-01-07,AMZN,163.839,162.554
2022-01-07,BA,212.98,215.5
2022-01-07,COST,519.7376,508.9452
2022-01-07,DIS,152.1245,153.0262
2022-01-07,GOOGL,136.8433,135.7255
2022-01-07,INTC,50.2594,49.5638
2022-01-07,JNJ,150.0916,152.2713
2022-01-07,JPM,147.9508,149.2814
2022-01-07,KO,52.4775,52.521
2022-01-07,LMT,316.7239,317.6589
2022-01-07,META,329.5834,328.6424
2022-01-07,MSFT,302.0499,301.9442
2022-01-07,NFLX,54.946,54.106
2022-01-07,NVDA,28.021,27.1308
2022-01-07,PG,144.3548,144.0097
2022-01-07,TSLA,360.1233,342.32
2022-01-07,VZ,39.7602,40.4918
2022-01-07,XOM,58.2767,58.5828
2022-01-07,^GSPC,4697.6602,4677.0298
2022-01-10,AAPL,165.1564,168.1942
2022-01-10,AMD,129.08,132.0
2022-01-10,AMZN,160.5855,161.486
2022-01-10,BA,214.26,209.31
2022-01-10,COST,502.4051,492.4479
2022-01-10,DIS,153.1716,151.8336
2022-01-10,GOOGL,133.8048,137.3624
2022-01-10,INTC,50.0554,51.2054
2022-01-10,JNJ,152.0437,151.5184
2022-01-10,JPM,150.9871,149.4243
2022-01-10,KO,52.7125,52.6081
2022-01-10,LMT,320.1816,320.4021
2022-01-10,META,322.2238,324.9576
2022-01-10,MSFT,297.5694,302.1653
2022-01-10,NFLX,53.849,53.985
2022-01-10,NVDA,26.4677,27.2832
2022-01-10,PG,143.8062,142.0452
2022-01-10,TSLA,333.3333,352.7067
2022-01-10,VZ,40.6784,40.2156
2022-01-10,XOM,58.6594,58.2341
2022-01-10,^GSPC,4655.3398,4670.29
2022-01-11,AAPL,168.3213,171.0172
2022-01-11,AMD,133.45,137.31
2022-01-11,AMZN,161.5,165.362
2022-01-11,BA,209.0,216.02
2022-01-11,COST,492.4479,495.5139
2022-01-11,DIS,151.853,153.0843
2022-01-11,GOOGL,136.7061,138.4188
2022-01-11,INTC,51.4744,51.8546
2022-01-11,JNJ,151.4309,149.9077
2022-01-11,JPM,150.2637,149.5761
2022-01-11,KO,52.6081,52.6255
2022-01-11,LMT,321.0724,321.1871
2022-01-11,META,323.6799,331.1979
2022-01-11,MSFT,301.3096,302.848
2022-01-11,NFLX,53.699,54.084
2022-01-11,NVDA,27.2065,27.6984
2022-01-11,PG,141.7797,140.3993
2022-01-11,TSLA,351.2233,354.8
2022-01-11,VZ,40.2529,40.0065
2022-01-11,XOM,58.5913,60.6836
2022-01-11,^GSPC,4669.1401,4713.0698
2022-01-12,AAPL,172.0331,171.4568
2022-01-12,AMD,138.59,137.47
2022-01-12,AMZN,166.575,165.207
2022-01-12,BA,217.09,217.45
2022-01-12,COST,495.5139,499.0923
2022-01-12,DIS,153.6758,152.9971
2022-01-12,GOOGL,139.8195,140.0974
2022-01-12,INTC,52.068,51.697
2022-01-12,JNJ,148.4721,148.6297
2022-01-12,JPM,150.4423,150.4245
2022-01-12,KO,52.6951,52.7038
2022-01-12,LMT,320.5167,318.682
2022-01-12,META,332.0002,330.0984
2022-01-12,MSFT,307.3574,306.0113
2022-01-12,NFLX,54.427,53.722
2022-01-12,NVDA,27.9473,27.8796
2022-01-12,PG,140.0453,140.7089
2022-01-12,TSLA,359.6167,368.74
2022-01-12,VZ,39.8572,39.902
2022-01-12,XOM,60.505,60.505
2022-01-12,^GSPC,4728.5898,4726.3501
2022-01-13,AAPL,171.7009,168.1942
2022-01-13,AMD,139.44,132.74
2022-01-13,AMZN,165.2505,161.214
2022-01-13,BA,222.25,223.9
2022-01-13,COST,500.8389,490.6254
2022-01-13,DIS,152.9001,150.7089
2022-01-13,GOOGL,140.2058,137.2807
2022-01-13,INTC,51.9381,50.955
2022-01-13,JNJ,147.9381,147.728
2022-01-13,JPM,150.3352,150.2369
2022-01-13,KO,52.7038,53.0172
2022-01-13,LMT,319.3524,322.1044
2022-01-13,META,331.8021,323.3828
2022-01-13,MSFT,308.1264,293.06
2022-01-13,NFLX,53.706,51.92
2022-01-13,NVDA,28.258,26.4617
2022-01-13,PG,140.9744,140.0718
2022-01-13,TSLA,369.69,343.8533
2022-01-13,VZ,39.9543,39.9543
2022-01-13,XOM,60.488,60.0712
2022-01-13,^GSPC,4733.5601,4659.0298
2022-01-14,AAPL,167.364,169.0538
2022-01-14,AMD,131.68,136.88
2022-01-14,AMZN,160.15,162.138
2022-01-14,BA,222.16,225.96
2022-01-14,COST,485.5852,477.441
2022-01-14,DIS,147.713,147.3154
2022-01-14,GOOGL,135.7869,138.1658
2022-01-14,INTC,50.8715,51.6599
2022-01-14,JNJ,147.6143,146.9227
2022-01-14,JPM,143.5659,141.0029
2022-01-14,KO,53.052,53.4438
2022-01-14,LMT,322.1044,328.6668
2022-01-14,META,318.7372,328.7513
2022-01-14,MSFT,292.5312,298.252
2022-01-14,NFLX,51.76,52.569
2022-01-14,NVDA,26.1879,26.8271
2022-01-14,PG,139.8772,141.4169
2022-01-14,TSLA,339.96,349.87
2022-01-14,VZ,40.0065,39.7751
2022-01-14,XOM,60.0882,61.1258
2022-01-14,^GSPC,4637.9902,4662.8501
2022-01-18,AAPL,167.5301,165.8598
2022-01-18,AMD,134.5,131.93
2022-01-18,AMZN,159.105,158.9175
2022-01-18,BA,224.5,225.01
2022-01-18,COST,469.3442,463.2788
2022-01-18,DIS,146.5107,147.6354
2022-01-18,GOOGL,134.8914,134.7161
2022-01-18,INTC,51.2982,50.7881
2022-01-18,JNJ,146.2749,146.2749
2022-01-18,JPM,139.1185,135.0909
2022-01-18,KO,53.1565,53.0172
2022-01-18,LMT,326.7528,332.1244
2022-01-18,META,320.2229,315.1317
2022-01-18,MSFT,292.3582,290.9929
2022-01-18,NFLX,52.008,51.08
2022-01-18,NVDA,26.148,25.7926
2022-01-18,PG,140.2842,138.6914
2022-01-18,TSLA,342.2033,343.5033
2022-01-18,VZ,39.6407,39.8871
2022-01-18,XOM,61.9338,62.155
2022-01-18,^GSPC,4632.2402,4577.1099
2022-01-19,AAPL,166.0551,162.3726
2022-01-19,AMD,133.55,128.27
2022-01-19,AMZN,158.762,156.299
2022-01-19,BA,225.1,217.08
2022-01-19,COST,465.0064,465.2627
2022-01-19,DIS,146.2489,145.5411
2022-01-19,GOOGL,135.2366,133.8429
2022-01-19,INTC,50.6675,49.7307
2022-01-19,JNJ,146.3624,145.8197
2022-01-19,JPM,135.3588,133.0012
2022-01-19,KO,52.8083,53.1043
2022-01-19,LMT,331.207,332.8211
2022-01-19,META,316.5482,316.5581
2022-01-19,MSFT,294.4926,291.6466
2022-01-19,NFLX,51.5,51.586
2022-01-19,NVDA,25.9678,24.9601
2022-01-19,PG,139.4701,143.3548
2022-01-19,TSLA,347.2367,331.8833
2022-01-19,VZ,39.917,39.9394
2022-01-19,XOM,62.7248,62.1805
2022-01-19,^GSPC,4588.0298,4532.7598
2022-01-20,AAPL,163.1052,160.6925
2022-01-20,AMD,126.04,121.89
2022-01-20,AMZN,156.766,151.6675
2022-01-20,BA,217.38,214.19
2022-01-20,COST,465.8228,458.2956
2022-01-20,DIS,146.3168,143.1269
2022-01-20,GOOGL,134.9657,132.0509
2022-01-20,INTC,49.9533,48.2654
2022-01-20,JNJ,146.4413,144.6555
2022-01-20,JPM,133.0548,131.867
2022-01-20,KO,53.1043,52.8866
2022-01-20,LMT,332.539,330.8807
2022-01-20,META,320.8272,313.5569
2022-01-20,MSFT,297.1656,289.9833
2022-01-20,NFLX,51.775,50.825
2022-01-20,NVDA,25.1961,24.047
2022-01-20,PG,142.4562,144.1288
2022-01-20,TSLA,336.5767,332.09
2022-01-20,VZ,39.9319,39.8647
2022-01-20,XOM,61.6617,62.3165
2022-01-20,^GSPC,4547.3501,4482.73
2022-01-21,AAPL,160.6046,158.6413
2022-01-21,AMD,120.14,118.81
2022-01-21,AMZN,149.95,142.643
2022-01-21,BA,213.79,205.44
2022-01-21,COST,457.4413,457.147
2022-01-21,DIS,136.9314,133.1986
2022-01-21,GOOGL,131.3437,129.1228
2022-01-21,INTC,48.3024,48.2654
2022-01-21,JNJ,145.4784,144.3229
2022-01-21,JPM,131.7241,129.563
2022-01-21,KO,53.1739,52.6255
2022-01-21,LMT,329.884,327.4142
2022-01-21,META,311.8235,300.2939
2022-01-21,MSFT,291.0313,284.6278
2022-01-21,NFLX,40.043,39.75
2022-01-21,NVDA,23.4068,23.2744
2022-01-21,PG,145.0186,144.6805
2022-01-21,TSLA,332.1133,314.6333
2022-01-21,VZ,40.111,39.6855
2022-01-21,XOM,62.24,61.381
2022-01-21,^GSPC,4471.3799,4397.9399
2022-01-24,AAPL,156.3067,157.8695
2022-01-24,AMD,115.4,116.53
2022-01-24,AMZN,139.0,144.544
2022-01-24,BA,199.85,204.2
2022-01-24,COST,451.3947,464.0667
2022-01-24,DIS,130.7165,133.2762
2022-01-24,GOOGL,124.7905,129.571
2022-01-24,INTC,47.746,48.1726
2022-01-24,JNJ,143.5613,142.6596
2022-01-24,JPM,127.0625,129.4469
2022-01-24,KO,52.1467,52.1989
2022-01-24,LMT,325.9589,329.293
2022-01-24,META,295.0144,305.7813
2022-01-24,MSFT,280.9454,284.9547
2022-01-24,NFLX,38.391,38.715
2022-01-24,NVDA,22.2348,23.2724
2022-01-24,PG,145.4011,143.5061
2022-01-24,TSLA,301.5867,310.0
2022-01-24,VZ,39.6482,39.5362
2022-01-24,XOM,60.2839,61.9083
2022-01-24,^GSPC,4356.3198,4410.1299
2022-01-25,AAPL,155.2908,156.0722
2022-01-25,AMD,114.1,111.13
2022-01-25,AMZN,142.2425,139.986
2022-01-25,BA,200.1,204.1
2022-01-25,COST,455.5239,453.0749
2022-01-25,DIS,131.1722,132.3551
2022-01-25,GOOGL,127.5265,125.7385
2022-01-25,INTC,47.3101,47.3008
2022-01-25,JNJ,142.1257,146.7389
2022-01-25,JPM,128.2859,130.8579
2022-01-25,KO,51.6766,52.077
2022-01-25,LMT,333.2799,341.5005
2022-01-25,META,297.1044,297.3025
2022-01-25,MSFT,280.2916,277.3783
2022-01-25,NFLX,37.914,36.642
2022-01-25,NVDA,22.4499,22.2288
2022-01-25,PG,142.7498,141.9402
2022-01-25,TSLA,304.7333,306.1333
2022-01-25,VZ,39.6631,39.4914
2022-01-25,XOM,61.7382,63.7284
2022-01-25,^GSPC,4366.6401,4356.4502
2022-01-26,AAPL,159.7059,155.9843
2022-01-26,AMD,114.55,110.71
2022-01-26,AMZN,144.75,138.8725
2022-01-26,BA,206.21,194.27
2022-01-26,COST,458.6847,458.9125
2022-01-26,DIS,133.5186,129.5337
2022-01-26,GOOGL,129.8831,128.0148
2022-01-26,INTC,47.4214,47.9407
2022-01-26,JNJ,146.6601,147.3954
2022-01-26,JPM,132.8136,132.0992
2022-01-26,KO,52.0509,51.8855
2022-01-26,LMT,342.2326,345.0905
2022-01-26,META,304.0975,291.8349
2022-01-26,MSFT,296.1272,285.2816
2022-01-26,NFLX,37.827,35.97
2022-01-26,NVDA,23.1409,22.6749
2022-01-26,PG,139.9829,140.7036
2022-01-26,TSLA,317.4767,312.47
2022-01-26,VZ,39.2824,38.088
2022-01-26,XOM,64.1536,63.082
2022-01-26,^GSPC,4408.4302,4349.9302
2022-01-27,AAPL,158.6803,155.5252
2022-01-27,AMD,111.96,102.6
2022-01-27,AMZN,140.8,139.6375
2022-01-27,BA,196.38,189.75
2022-01-27,COST,462.1872,458.0107
2022-01-27,DIS,130.9589,131.2982
2022-01-27,GOOGL,130.0663,127.789
2022-01-27,INTC,46.3548,44.5648
2022-01-27,JNJ,148.2795,149.33
2022-01-27,JPM,133.4388,129.7683
2022-01-27,KO,52.1293,51.929
2022-01-27,LMT,343.4586,343.1852
2022-01-27,META,294.9253,291.8448
2022-01-27,MSFT,291.0025,288.2911
2022-01-27,NFLX,38.206,38.67
2022-01-27,NVDA,23.4675,21.8504
2022-01-27,PG,141.2196,141.5755
2022-01-27,TSLA,311.12,276.3667
2022-01-27,VZ,38.0058,38.2149
2022-01-27,XOM,64.1792,63.89
2022-01-27,^GSPC,4380.5801,4326.5098
2022-01-28,AAPL,161.8646,166.3774
2022-01-28,AMD,101.55,105.24
2022-01-28,AMZN,140.8605,143.978
2022-01-28,BA,188.78,190.57
2022-01-28,COST,459.1687,467.4173
2022-01-28,DIS,131.0946,134.4105
2022-01-28,GOOGL,128.4368,132.094
2022-01-28,INTC,44.2494,44.268
2022-01-28,JNJ,149.5663,150.3804
2022-01-28,JPM,128.7681,130.9293
2022-01-28,KO,51.7027,52.965
2022-01-28,LMT,343.2028,346.7751
2022-01-28,META,292.8155,298.8477
2022-01-28,MSFT,288.6661,296.3868
2022-01-28,NFLX,38.676,38.436
2022-01-28,NVDA,21.9182,22.7426
2022-01-28,PG,141.1128,142.7943
2022-01-28,TSLA,277.1867,282.1167
2022-01-28,VZ,38.4015,39.4914
2022-01-28,XOM,63.7624,64.0261
2022-01-28,^GSPC,4336.1899,4431.8501
2022-01-31,AAPL,166.2114,170.7242
2022-01-31,AMD,107.93,114.25
2022-01-31,AMZN,144.75,149.5735
2022-01-31,BA,190.73,200.24
2022-01-31,COST,467.0092,479.4723
2022-01-31,DIS,134.6335,138.6184
2022-01-31,GOOGL,132.8974,134.0281
2022-01-31,INTC,44.2216,45.2789
2022-01-31,JNJ,150.1266,150.8181
2022-01-31,JPM,130.063,132.7065
2022-01-31,KO,52.4949,53.113
2022-01-31,LMT,344.4377,343.2293
2022-01-31,META,297.8275,310.2882
2022-01-31,MSFT,297.0502,299.002
2022-01-31,NFLX,40.197,42.714
2022-01-31,NVDA,23.0832,24.3816
2022-01-31,PG,141.7712,142.7499
2022-01-31,TSLA,290.9033,312.24
2022-01-31,VZ,39.2078,39.7378
2022-01-31,XOM,63.7624,64.6044
2022-01-31,^GSPC,4431.79,4515.5498
2022-02-01,AAPL,169.972,170.5581
2022-02-01,AMD,116.75,116.78
2022-02-01,AMZN,150.0,151.1935
2022-02-01,BA,202.48,208.34
2022-02-01,COST,479.3489,482.5857
2022-02-01,DIS,138.6669,140.0922
2022-02-01,GOOGL,136.2975,136.3466
2022-02-01,INTC,45.2418,45.3995
2022-02-01,JNJ,150.3367,149.5839
2022-02-01,JPM,132.7869,134.9837
2022-02-01,KO,53.0259,52.7212
2022-02-01,LMT,344.1907,341.3593
2022-02-01,META,311.5758,315.9737
2022-02-01,MSFT,298.454,296.8676
2022-02-01,NFLX,43.296,45.713
2022-02-01,NVDA,24.997,24.533
2022-02-01,PG,143.0523,142.1181
2022-02-01,TSLA,311.7367,310.4167
2022-02-01,VZ,39.8647,39.7154
2022-02-01,XOM,65.0211,68.7464
2022-02-01,^GSPC,4519.5698,4546.54
2022-02-02,AAPL,170.6948,171.7595
2022-02-02,AMD,129.89,122.76
2022-02-02,AMZN,155.0505,150.6125
2022-02-02,BA,205.43,207.52
2022-02-02,COST,485.1486,495.5045
2022-02-02,DIS,139.8013,138.2791
2022-02-02,GOOGL,149.8243,146.6049
2022-02-02,INTC,44.7503,45.9189
2022-02-02,JNJ,148.5072,151.2383
2022-02-02,JPM,134.4032,133.9031
2022-02-02,KO,52.7735,53.261
2022-02-02,LMT,340.5655,341.6504
2022-02-02,META,324.71,319.9358
2022-02-02,MSFT,297.704,301.3865
2022-02-02,NFLX,44.825,42.948
2022-02-02,NVDA,25.684,25.1344
2022-02-02,PG,142.474,144.6626
2022-02-02,TSLA,309.3933,301.8867
2022-02-02,VZ,39.9841,40.1633
2022-02-02,XOM,68.0915,68.5678
2022-02-02,^GSPC,4566.3901,4589.3799
2022-02-03,AAPL,170.4312,168.8878
2022-02-03,AMD,120.32,120.08
2022-02-03,AMZN,141.7375,138.8455
2022-02-03,BA,206.06,206.39
2022-02-03,COST,490.4185,496.0178
2022-02-03,DIS,135.7388,135.7679
2022-02-03,GOOGL,144.3321,141.7413
2022-02-03,INTC,45.6777,44.7781
2022-02-03,JNJ,150.7919,151.2296
2022-02-03,JPM,133.9567,132.7957
2022-02-03,KO,53.052,53.6353
2022-02-03,LMT,342.3913,343.7321
2022-02-03,META,242.3291,235.5044
2022-02-03,MSFT,297.5694,289.6468
2022-02-03,NFLX,42.144,40.56
2022-02-03,NVDA,24.3537,23.8459
2022-02-03,PG,144.1111,146.0328
2022-02-03,TSLA,294.0,297.0467
2022-02-03,VZ,40.3126,40.1558
2022-02-03,XOM,68.117,67.7683
2022-02-03,^GSPC,4535.4102,4477.4399
2022-02-04,AAPL,167.9097,168.6042
2022-02-04,AMD,120.34,123.6
2022-02-04,AMZN,155.6065,157.6395
2022-02-04,BA,205.0,206.45
2022-02-04,COST,492.5384,494.1165
2022-02-04,DIS,135.7776,137.6974
2022-02-04,GOOGL,142.0924,141.9423
2022-02-04,INTC,44.7267,44.8668
2022-02-04,JNJ,149.6889,150.2404
2022-02-04,JPM,133.153,136.2429
2022-02-04,KO,53.5309,53.0695
2022-02-04,LMT,342.2326,343.4057
2022-02-04,META,232.7409,234.8408
2022-02-04,MSFT,288.6469,294.1562
2022-02-04,NFLX,40.731,41.017
2022-02-04,NVDA,23.8698,24.2153
2022-02-04,PG,145.1342,143.7107
2022-02-04,TSLA,299.0733,307.7733
2022-02-04,VZ,39.9543,39.7975
2022-02-04,XOM,68.7804,69.2397
2022-02-04,^GSPC,4482.79,4500.5298
2022-02-07,AAPL,169.0639,167.8902
2022-02-07,AMD,123.56,123.67
2022-02-07,AMZN,158.52,157.9355
2022-02-07,BA,205.79,211.92
2022-02-07,COST,495.5709,490.428
2022-02-07,DIS,139.0257,138.1724
2022-02-07,GOOGL,142.8903,137.8889
2022-02-07,INTC,44.979,45.0257
2022-02-07,JNJ,150.0478,149.7414
2022-02-07,JPM,136.877,136.6983
2022-02-07,KO,53.4351,53.6266
2022-02-07,LMT,345.7608,346.0607
2022-02-07,META,235.445,222.7763
2022-02-07,MSFT,294.3773,289.3583
2022-02-07,NFLX,41.017,40.21
2022-02-07,NVDA,24.2681,24.6226
2022-02-07,PG,144.0132,142.6342
2022-02-07,TSLA,307.93,302.4467
2022-02-07,VZ,39.7378,39.5661
2022-02-07,XOM,69.01,70.0732
2022-02-07,^GSPC,4505.75,4483.8701
2022-02-08,AAPL,167.9586,170.9906
2022-02-08,AMD,122.38,128.23
2022-02-08,AMZN,156.7505,161.4135
2022-02-08,BA,212.68,213.27
2022-02-08,COST,490.4279,495.4283
2022-02-08,DIS,137.4743,138.1433
2022-02-08,GOOGL,137.7161,138.085
2022-02-08,INTC,44.8388,45.6145
2022-02-08,JNJ,149.7064,150.1354
2022-02-08,JPM,138.422,139.2704
2022-02-08,KO,53.8269,53.9748
2022-02-08,LMT,349.0067,349.3242
2022-02-08,META,218.7548,218.0912
2022-02-08,MSFT,289.6468,292.8293
2022-02-08,NFLX,39.818,40.353
2022-02-08,NVDA,24.2551,25.001
2022-02-08,PG,143.3459,142.3139
2022-02-08,TSLA,301.8433,307.3333
2022-02-08,VZ,39.5735,39.4317
2022-02-08,XOM,69.9711,68.2616
2022-02-08,^GSPC,4480.02,4521.54
2022-02-09,AAPL,172.1838,172.4088
2022-02-09,AMD,129.6,132.85
2022-02-09,AMZN,162.8735,161.1895
2022-02-09,BA,214.91,215.86
2022-02-09,COST,501.9403,502.7293
2022-02-09,DIS,139.9758,142.7488
2022-02-09,GOOGL,139.6348,140.2574
2022-02-09,INTC,46.1004,46.6425
2022-02-09,JNJ,150.6255,150.1178
2022-02-09,JPM,139.8419,139.8508
2022-02-09,KO,54.1228,53.1391
2022-02-09,LMT,348.848,348.0012
2022-02-09,META,222.073,229.799
2022-02-09,MSFT,297.9348,299.2231
2022-02-09,NFLX,40.865,41.289
2022-02-09,NVDA,25.5128,26.5911
2022-02-09,PG,142.6698,141.9936
2022-02-09,TSLA,311.6667,310.6667
2022-02-09,VZ,39.6781,39.9394
2022-02-09,XOM,68.4336,67.9348
2022-02-09,^GSPC,4547.0,4587.1802
2022-02-10,AAPL,170.3157,168.3401
2022-02-10,AMD,128.84,125.77
2022-02-10,AMZN,158.35,159.0035
2022-02-10,BA,213.71,218.75
2022-02-10,COST,495.1622,492.8901
2022-02-10,DIS,151.2712,147.5287
2022-02-10,GOOGL,138.3867,137.3134
2022-02-10,INTC,45.9603,45.6612
2022-02-10,JNJ,149.8727,148.3058
2022-02-10,JPM,139.9044,139.2704
2022-02-10,KO,52.5471,53.4351
2022-02-10,LMT,346.6781,339.9657
2022-02-10,META,226.1044,225.9063
2022-02-10,MSFT,292.3293,290.7332
2022-02-10,NFLX,40.21,40.627
2022-02-10,NVDA,25.8842,25.7139
2022-02-10,PG,141.5399,139.8317
2022-02-10,TSLA,302.79,301.5167
2022-02-10,VZ,39.8199,39.5959
2022-02-10,XOM,67.694,67.2813
2022-02-10,^GSPC,4553.2402,4504.0801
2022-02-11,AAPL,168.5455,164.9365
2022-02-11,AMD,126.14,113.18
2022-02-11,AMZN,158.1345,153.2935
2022-02-11,BA,217.87,212.3
2022-02-11,COST,492.8141,484.515
2022-02-11,DIS,148.8667,144.9206
2022-02-11,GOOGL,137.2936,133.0168
2022-02-11,INTC,45.7453,44.5117
2022-02-11,JNJ,148.0432,146.8089
2022-02-11,JPM,138.9667,137.4574
2022-02-11,KO,53.7746,52.4862
2022-02-11,LMT,341.1389,349.4565
2022-02-11,META,226.2927,217.4672
2022-02-11,MSFT,291.512,283.6759
2022-02-11,NFLX,40.533,39.131
2022-02-11,NVDA,25.8055,23.8469
2022-02-11,PG,140.579,139.0488
2022-02-11,TSLA,303.21,286.6667
2022-02-11,VZ,39.5288,39.805
2022-02-11,XOM,67.608,68.9753
2022-02-11,^GSPC,4506.27,4418.6401
2022-02-14,AAPL,163.6944,165.1713
2022-02-14,AMD,115.51,114.27
2022-02-14,AMZN,151.751,155.167
2022-02-14,BA,213.0,210.04
2022-02-14,COST,483.8685,481.5584
2022-02-14,DIS,144.8236,146.2586
2022-02-14,GOOGL,132.0004,134.2485
2022-02-14,INTC,44.7828,44.465
2022-02-14,JNJ,146.8089,144.9619
2022-02-14,JPM,136.3947,136.1804
2022-02-14,KO,52.373,52.8257
2022-02-14,LMT,347.5072,341.3241
2022-02-14,META,217.2294,215.6347
2022-02-14,MSFT,282.4548,283.6375
2022-02-14,NFLX,38.759,39.657
2022-02-14,NVDA,23.832,24.1635
2022-02-14,PG,138.9153,139.4491
2022-02-14,TSLA,287.19,291.92
2022-02-14,VZ,39.7527,39.7677
2022-02-14,XOM,68.4336,67.9176
2022-02-14,^GSPC,4412.6099,4401.6699
2022-02-15,AAPL,167.2154,168.9954
2022-02-15,AMD,117.19,121.47
2022-02-15,AMZN,157.6055,156.5105
2022-02-15,BA,214.84,217.73
2022-02-15,COST,488.0039,488.5552
2022-02-15,DIS,148.8667,150.0108
2022-02-15,GOOGL,136.2738,135.3208
2022-02-15,INTC,44.5771,45.2687
2022-02-15,JNJ,145.4258,146.4588
2022-02-15,JPM,137.9844,138.1719
2022-02-15,KO,53.0695,53.0259
2022-02-15,LMT,336.8609,337.1344
2022-02-15,META,218.3784,218.9034
2022-02-15,MSFT,288.4545,288.8968
2022-02-15,NFLX,40.379,40.746
2022-02-15,NVDA,24.8426,26.382
2022-02-15,PG,140.3655,139.5203
2022-02-15,TSLA,300.0,307.4767
2022-02-15,VZ,39.79,39.8348
2022-02-15,XOM,66.129,67.0663
2022-02-15,^GSPC,4429.2798,4471.0698
2022-02-16,AAPL,168.076,168.7607
2022-02-16,AMD,119.05,117.69
2022-02-16,AMZN,155.7905,158.1005
2022-02-16,BA,216.1,218.93
2022-02-16,COST,486.2451,487.1102
2022-02-16,DIS,150.2629,151.5912
2022-02-16,GOOGL,135.3585,136.4397
2022-02-16,INTC,44.9136,45.0725
2022-02-16,JNJ,145.741,146.3712
2022-02-16,JPM,137.2967,138.4219
2022-02-16,KO,52.9824,53.0172
2022-02-16,LMT,337.6901,341.2624
2022-02-16,META,210.3949,214.4857
2022-02-16,MSFT,287.4709,288.5596
2022-02-16,NFLX,40.153,39.808
2022-02-16,NVDA,26.147,26.398
2022-02-16,PG,139.5292,140.579
2022-02-16,TSLA,304.6833,307.7967
2022-02-16,VZ,39.7079,39.8647
2022-02-16,XOM,67.7542,67.3759
2022-02-16,^GSPC,4455.75,4475.0098
2022-02-17,AAPL,167.2741,165.1713
2022-02-17,AMD,116.26,112.37
2022-02-17,AMZN,158.146,154.6525
2022-02-17,BA,218.47,213.58
2022-02-17,COST,484.4864,489.5914
2022-02-17,DIS,149.9817,148.2947
2022-02-17,GOOGL,134.9588,131.2897
2022-02-17,INTC,44.7267,44.4557
2022-02-17,JNJ,146.3712,145.4783
2022-02-17,JPM,136.6358,135.2337
2022-02-17,KO,52.7125,54.0793
2022-02-17,LMT,340.5744,342.9118
2022-02-17,META,211.9897,205.7395
2022-02-17,MSFT,285.5343,280.11
2022-02-17,NFLX,39.424,38.667
2022-02-17,NVDA,25.5207,24.4025
2022-02-17,PG,140.9082,142.1894
2022-02-17,TSLA,304.42,292.1167
2022-02-17,VZ,39.6407,39.9991
2022-02-17,XOM,67.4877,67.2727
2022-02-17,^GSPC,4456.0601,4380.2598
2022-02-18,AAPL,166.0906,163.6259
2022-02-18,AMD,113.9,113.83
2022-02-18,AMZN,155.4995,152.6015
2022-02-18,BA,212.56,209.03
2022-02-18,COST,489.4774,487.3669
2022-02-18,DIS,148.2559,146.7531
2022-02-18,GOOGL,132.2089,129.1738
2022-02-18,INTC,43.166,42.0913
2022-02-18,JNJ,145.3462,143.919
2022-02-18,JPM,135.8589,135.8679
2022-02-18,KO,54.0793,54.4449
2022-02-18,LMT,343.2381,340.8742
2022-02-18,META,207.4035,204.2042
2022-02-18,MSFT,282.3452,277.4122
2022-02-18,NFLX,39.253,39.129
2022-02-18,NVDA,24.5628,23.5412
2022-02-18,PG,141.9046,142.2605
2022-02-18,TSLA,295.3333,285.66
2022-02-18,VZ,39.9841,40.1857
2022-02-18,XOM,66.3525,66.5245
2022-02-18,^GSPC,4384.5698,4348.8701
2022-02-22,AAPL,161.3569,160.7114
2022-02-22,AMD,115.27,115.65
2022-02-22,AMZN,150.4785,150.1975
2022-02-22,BA,205.0,198.74
2022-02-22,COST,484.8286,477.3946
2022-02-22,DIS,145.6187,143.5826
2022-02-22,GOOGL,128.6141,128.5899
2022-02-22,INTC,41.7642,41.7642
2022-02-22,JNJ,144.104,141.9632
2022-02-22,JPM,134.4926,135.6267
2022-02-22,KO,54.3492,54.2186
2022-02-22,LMT,345.1169,340.6449
2022-02-22,META,200.4204,200.1629
2022-02-22,MSFT,274.5894,277.21
2022-02-22,NFLX,38.895,37.738
2022-02-22,NVDA,22.9368,23.2903
2022-02-22,PG,142.4473,140.5078
2022-02-22,TSLA,278.0433,273.8433
2022-02-22,VZ,40.3126,40.238
2022-02-22,XOM,68.511,65.7506
2022-02-22,^GSPC,4332.7402,4304.7598
2022-02-23,AAPL,161.9046,156.5547
2022-02-23,AMD,117.4,109.76
2022-02-23,AMZN,151.6505,144.827
2022-02-23,BA,201.13,196.42
2022-02-23,COST,478.1171,470.8162
2022-02-23,DIS,144.9497,141.4302
2022-02-23,GOOGL,130.4076,126.3854
2022-02-23,INTC,42.2128,41.7268
2022-02-23,JNJ,142.2891,142.0336
2022-02-23,JPM,136.743,132.7868
2022-02-23,KO,54.1838,53.6179
2022-02-23,LMT,343.2646,343.0264
2022-02-23,META,202.2232,196.5673
2022-02-23,MSFT,279.58,270.032
2022-02-23,NFLX,38.272,36.746
2022-02-23,NVDA,23.7005,22.2916
2022-02-23,PG,140.837,138.7552
2022-02-23,TSLA,276.81,254.68
2022-02-23,VZ,40.238,39.8722
2022-02-23,XOM,65.7506,66.0171
2022-02-23,^GSPC,4324.9302,4225.5
2022-02-24,AAPL,149.2292,159.1661
2022-02-24,AMD,104.56,116.61
2022-02-24,AMZN,139.8375,151.358
2022-02-24,BA,189.29,198.43
2022-02-24,COST,459.418,480.6268
2022-02-24,DIS,135.7388,144.8527
2022-02-24,GOOGL,123.7757,131.4402
2022-02-24,INTC,41.0259,43.6613
2022-02-24,JNJ,140.765,139.3202
2022-02-24,JPM,127.6518,129.0896
2022-02-24,KO,52.2076,52.6777
2022-02-24,LMT,351.2559,349.0331
2022-02-24,META,189.2474,205.6305
2022-02-24,MSFT,262.5555,283.8289
2022-02-24,NFLX,35.509,39.003
2022-02-24,NVDA,20.9254,23.6468
2022-02-24,PG,138.4705,135.0185
2022-02-24,TSLA,233.4633,266.9233
2022-02-24,VZ,39.5437,39.26
2022-02-24,XOM,67.9348,65.183
2022-02-24,^GSPC,4155.77,4288.7002
2022-02-25,AAPL,160.242,161.2298
2022-02-25,AMD,117.16,121.06
2022-02-25,AMZN,150.55,153.7885
2022-02-25,BA,201.09,201.48
2022-02-25,COST,483.4787,491.949
2022-02-25,DIS,145.0079,144.9788
2022-02-25,GOOGL,132.2932,133.1921
2022-02-25,INTC,43.8576,44.5865
2022-02-25,JNJ,140.9589,146.2448
2022-02-25,JPM,129.7148,132.1438
2022-02-25,KO,53.052,54.7148
2022-02-25,LMT,348.6097,361.1876
2022-02-25,META,202.9958,208.4832
2022-02-25,MSFT,284.3589,286.4496
2022-02-25,NFLX,38.661,39.08
2022-02-25,NVDA,23.6199,24.054
2022-02-25,PG,135.5256,140.7836
2022-02-25,TSLA,269.7433,269.9567
2022-02-25,VZ,39.6258,40.4022
2022-02-25,XOM,65.9484,66.9373
2022-02-25,^GSPC,4298.3799,4384.6499
2022-02-28,AAPL,159.4791,161.4938
2022-02-28,AMD,120.31,123.34
2022-02-28,AMZN,152.425,153.563
2022-02-28,BA,198.58,205.34
2022-02-28,COST,488.9163,493.622
2022-02-28,DIS,143.3305,143.9413
2022-02-28,GOOGL,131.7959,133.784
2022-02-28,INTC,43.923,44.5772
2022-02-28,JNJ,143.4873,144.985
2022-02-28,JPM,128.1966,126.6338
2022-02-28,KO,53.6701,54.1838
2022-02-28,LMT,367.5111,385.2645
2022-02-28,META,205.7098,209.028
2022-02-28,MSFT,283.5591,287.8755
2022-02-28,NFLX,38.733,39.452
2022-02-28,NVDA,23.8897,24.281
2022-02-28,PG,139.0488,138.6929
2022-02-28,TSLA,271.67,290.1433
2022-02-28,VZ,40.1633,40.0663
2022-02-28,XOM,65.7936,67.4361
2022-02-28,^GSPC,4354.1699,4373.9399
2022-03-01,AAPL,161.083,159.616
2022-03-01,AMD,122.33,113.83
2022-03-01,AMZN,152.7325,151.142
2022-03-01,BA,203.11,194.91
2022-03-01,COST,493.8218,497.1205
2022-03-01,DIS,143.3596,141.2654
2022-03-01,GOOGL,133.6071,132.7978
2022-03-01,INTC,44.4276,43.7548
2022-03-01,JNJ,143.6371,144.4828
2022-03-01,JPM,125.062,121.856
2022-03-01,KO,54.0967,53.9487
2022-03-01,LMT,386.3303,405.5225
2022-03-01,META,207.879,201.5595
2022-03-01,MSFT,285.5729,284.1759
2022-03-01,NFLX,39.16,38.624
2022-03-01,NVDA,24.1874,23.3769
2022-03-01,PG,137.2872,136.3975
2022-03-01,TSLA,289.8933,288.1233
2022-03-01,VZ,39.9394,40.0215
2022-03-01,XOM,67.737,68.081
2022-03-01,^GSPC,4363.1401,4306.2598
2022-03-02,AAPL,160.7799,162.9022
2022-03-02,AMD,115.47,118.28
2022-03-02,AMZN,150.849,152.0525
2022-03-02,BA,196.27,197.81
2022-03-02,COST,498.1376,501.9402
2022-03-02,DIS,141.8568,142.8554
2022-03-02,GOOGL,133.359,133.303
2022-03-02,INTC,44.4089,45.6706
2022-03-02,JNJ,144.844,146.28
2022-03-02,JPM,122.6061,124.3833
2022-03-02,KO,54.1751,54.3492
2022-03-02,LMT,395.54,399.652
2022-03-02,META,202.8373,206.1357
2022-03-02,MSFT,284.5708,289.2244
2022-03-02,NFLX,38.893,38.003
2022-03-02,NVDA,23.6588,24.1208
2022-03-02,PG,136.0861,136.8246
2022-03-02,TSLA,290.71,293.2967
2022-03-02,VZ,40.0663,40.4171
2022-03-02,XOM,69.3107,69.2505
2022-03-02,^GSPC,4322.5601,4386.54
2022-03-03,AAPL,164.7703,162.5795
2022-03-03,AMD,118.13,111.98
2022-03-03,AMZN,153.5315,147.8985
2022-03-03,BA,197.94,188.85
2022-03-03,COST,508.1099,506.741
2022-03-03,DIS,142.8263,141.1393
2022-03-03,GOOGL,134.728,132.6374
2022-03-03,INTC,45.0257,44.7921
2022-03-03,JNJ,146.8615,148.4297
2022-03-03,JPM,124.8834,123.4992
2022-03-03,KO,54.5059,54.384
2022-03-03,LMT,394.9627,397.7159
2022-03-03,META,207.0371,201.0445
2022-03-03,MSFT,291.8257,285.1104
2022-03-03,NFLX,38.6,36.807
2022-03-03,NVDA,24.1627,23.6169
2022-03-03,PG,136.8067,137.3316
2022-03-03,TSLA,292.9233,279.7633
2022-03-03,VZ,40.5963,40.8053
2022-03-03,XOM,68.6744,69.6891
2022-03-03,^GSPC,4401.3101,4363.4902
2022-03-04,AAPL,160.8777,159.5866
2022-03-04,AMD,112.0,108.41
2022-03-04,AMZN,147.159,145.641
2022-03-04,BA,187.37,180.84
2022-03-04,COST,493.8598,499.5636
2022-03-04,DIS,139.6268,136.437
2022-03-04,GOOGL,131.6745,130.6631
2022-03-04,INTC,44.2688,44.9229
2022-03-04,JNJ,147.6896,149.3107
2022-03-04,JPM,120.5075,120.0252
2022-03-04,KO,53.5047,54.4711
2022-03-04,LMT,399.6963,406.8901
2022-03-04,META,200.4501,198.1621
2022-03-04,MSFT,283.54,279.2718
2022-03-04,NFLX,36.8,36.173
2022-03-04,NVDA,23.2883,22.8421
2022-03-04,PG,136.2285,138.0256
2022-03-04,TSLA,283.0333,279.43
2022-03-04,VZ,40.6336,41.1413
2022-03-04,XOM,69.6977,72.3119
2022-03-04,^GSPC,4342.1201,4328.8701
2022-03-07,AAPL,159.7725,155.8017
2022-03-07,AMD,108.53,102.95
2022-03-07,AMZN,145.4435,137.453
2022-03-07,BA,181.03,169.17
2022-03-07,COST,497.6149,502.4347
2022-03-07,DIS,136.0103,129.4367
2022-03-07,GOOGL,130.2486,125.1873
2022-03-07,INTC,44.8669,44.5585
2022-03-07,JNJ,148.2711,151.7158
2022-03-07,JPM,118.0337,115.3903
2022-03-07,KO,53.9835,53.1739
2022-03-07,LMT,411.2064,413.995
2022-03-07,META,198.8851,185.6915
2022-03-07,MSFT,277.9903,268.7217
2022-03-07,NFLX,36.041,35.026
2022-03-07,NVDA,22.7236,21.2646
2022-03-07,PG,137.4473,135.9793
2022-03-07,TSLA,285.4333,268.1933
2022-03-07,VZ,40.8725,40.8203
2022-03-07,XOM,73.0256,74.9175
2022-03-07,^GSPC,4327.0098,4201.0898
2022-03-08,AAPL,155.3322,153.9825
2022-03-08,AMD,102.81,105.53
2022-03-08,AMZN,136.6835,136.0145
2022-03-08,BA,169.73,173.8
2022-03-08,COST,500.2481,497.5292
2022-03-08,DIS,128.9713,127.74
2022-03-08,GOOGL,125.06,125.9064
2022-03-08,INTC,44.5678,44.3902
2022-03-08,JNJ,151.566,148.6411
2022-03-08,JPM,115.7743,114.5776
2022-03-08,KO,53.496,51.0672
2022-03-08,LMT,411.8902,398.755
2022-03-08,META,186.0679,188.4848
2022-03-08,MSFT,267.6522,265.7735
2022-03-08,NFLX,34.98,34.176
2022-03-08,NVDA,21.2218,21.4259
2022-03-08,PG,135.3921,130.5967
2022-03-08,TSLA,265.1767,274.8
2022-03-08,VZ,41.0293,39.7527
2022-03-08,XOM,76.5772,75.485
2022-03-08,^GSPC,4202.6602,4170.7002
2022-03-09,AAPL,157.9338,159.3715
2022-03-09,AMD,108.41,111.05
2022-03-09,AMZN,139.5,139.279
2022-03-09,BA,179.8,178.56
2022-03-09,COST,501.5789,501.6075
2022-03-09,DIS,131.3661,129.5821
2022-03-09,GOOGL,130.0128,132.1624
2022-03-09,INTC,45.2407,44.5117
2022-03-09,JNJ,149.7776,149.205
2022-03-09,JPM,118.6857,119.1679
2022-03-09,KO,52.077,51.3283
2022-03-09,LMT,388.5505,398.5152
2022-03-09,META,193.8831,196.6169
2022-03-09,MSFT,273.0863,277.9615
2022-03-09,NFLX,35.769,35.879
2022-03-09,NVDA,22.2954,22.9198
2022-03-09,PG,132.4117,132.3583
2022-03-09,TSLA,279.8267,286.3233
2022-03-09,VZ,40.1036,39.6258
2022-03-09,XOM,72.2603,71.194
2022-03-09,^GSPC,4223.1001,4277.8799
2022-03-10,AAPL,156.6819,155.0388
2022-03-10,AMD,108.89,106.46
2022-03-10,AMZN,145.685,146.8175
2022-03-10,BA,175.76,178.39
2022-03-10,COST,497.2916,506.4273
2022-03-10,DIS,128.3314,129.5724
2022-03-10,GOOGL,130.0287,131.1812
2022-03-10,INTC,44.194,43.6052
2022-03-10,JNJ,148.5002,149.4693
2022-03-10,JPM,117.7569,117.7569
2022-03-10,KO,50.9105,50.3881
2022-03-10,LMT,400.2114,394.6429
2022-03-10,META,192.9916,193.3581
2022-03-10,MSFT,272.6817,275.1578
2022-03-10,NFLX,35.62,35.677
2022-03-10,NVDA,22.4388,22.5652
2022-03-10,PG,131.4953,128.9508
2022-03-10,TSLA,283.8167,279.4333
2022-03-10,VZ,39.5661,39.7378
2022-03-10,XOM,72.2431,73.404
2022-03-10,^GSPC,4252.5498,4259.52
2022-03-11,AAPL,155.4397,151.332
2022-03-11,AMD,108.13,104.29
2022-03-11,AMZN,149.5745,145.5245
2022-03-11,BA,183.59,176.23
2022-03-11,COST,510.1347,501.3888
2022-03-11,DIS,130.9686,127.74
2022-03-11,GOOGL,132.2302,128.6463
2022-03-11,INTC,44.0632,42.8296
2022-03-11,JNJ,149.0024,149.1962
2022-03-11,JPM,118.3195,115.1046
2022-03-11,KO,50.4578,50.4229
2022-03-11,LMT,392.547,389.9182
2022-03-11,META,190.8124,185.8302
2022-03-11,MSFT,277.4411,269.8394
2022-03-11,NFLX,36.119,34.032
2022-03-11,NVDA,22.9278,22.0095
2022-03-11,PG,129.3601,127.4206
2022-03-11,TSLA,280.0667,265.1167
2022-03-11,VZ,39.8348,39.5959
2022-03-11,XOM,72.2947,73.0256
2022-03-11,^GSPC,4279.5,4204.3101
2022-03-14,AAPL,148.124,147.3122
2022-03-14,AMD,102.99,102.25
2022-03-14,AMZN,145.981,141.853
2022-03-14,BA,175.88,175.52
2022-03-14,COST,501.7216,499.9915
2022-03-14,DIS,126.9934,125.1027
2022-03-14,GOOGL,129.0223,124.7638
2022-03-14,INTC,42.895,41.4932
2022-03-14,JNJ,150.3679,151.2577
2022-03-14,JPM,115.6136,116.2476
2022-03-14,KO,50.8528,51.3528
2022-03-14,LMT,399.1546,394.7229
2022-03-14,META,185.2557,184.8595
2022-03-14,MSFT,270.0995,266.342
2022-03-14,NFLX,33.872,33.101
2022-03-14,NVDA,21.7795,21.2427
2022-03-14,PG,128.5149,129.0487
2022-03-14,TSLA,260.2033,255.4567
2022-03-14,VZ,39.8871,39.1928
2022-03-14,XOM,71.4261,70.4114
2022-03-14,^GSPC,4202.75,4173.1099
2022-03-15,AAPL,147.5861,151.6841
2022-03-15,AMD,102.66,109.33
2022-03-15,AMZN,142.85,147.3665
2022-03-15,BA,176.3,179.89
2022-03-15,COST,503.8414,515.5533
2022-03-15,DIS,125.7911,130.1154
2022-03-15,GOOGL,125.7791,127.9802
2022-03-15,INTC,41.5867,41.8764
2022-03-15,JNJ,152.7025,155.1781
2022-03-15,JPM,117.7033,118.3106
2022-03-15,KO,51.8265,52.3002
2022-03-15,LMT,394.9894,398.4709
2022-03-15,META,188.99,190.2083
2022-03-15,MSFT,270.1092,276.6608
2022-03-15,NFLX,33.51,34.375
2022-03-15,NVDA,21.4299,22.879
2022-03-15,PG,130.7924,133.6928
2022-03-15,TSLA,258.4233,267.2967
2022-03-15,VZ,39.3347,39.3869
2022-03-15,XOM,67.78,66.4041
2022-03-15,^GSPC,4188.8198,4262.4502
2022-03-16,AAPL,153.6011,156.0853
2022-03-16,AMD,111.6,115.37
2022-03-16,AMZN,148.5,153.104
2022-03-16,BA,183.39,188.99
2022-03-16,COST,517.6544,516.5706
2022-03-16,DIS,131.5212,133.9355
2022-03-16,GOOGL,129.5007,132.0242
2022-03-16,INTC,42.3343,43.5772
2022-03-16,JNJ,154.579,153.7509
2022-03-16,JPM,120.4449,123.5974
2022-03-16,KO,52.4406,52.1599
2022-03-16,LMT,386.3747,374.1986
2022-03-16,META,192.8529,201.6982
2022-03-16,MSFT,278.5491,283.6362
2022-03-16,NFLX,34.82,35.753
2022-03-16,NVDA,23.4038,24.3957
2022-03-16,PG,134.0132,133.2391
2022-03-16,TSLA,269.6667,280.0767
2022-03-16,VZ,39.469,39.1854
2022-03-16,XOM,66.9115,66.1547
2022-03-16,^GSPC,4288.1401,4357.8599
2022-03-17,AAPL,155.1268,157.0927
2022-03-17,AMD,112.14,111.69
2022-03-17,AMZN,152.6405,157.239
2022-03-17,BA,186.36,190.19
2022-03-17,COST,516.5327,525.5068
2022-03-17,DIS,133.2567,135.225
2022-03-17,GOOGL,131.8939,132.5774
2022-03-17,INTC,43.2875,44.0538
2022-03-17,JNJ,154.3588,155.7596
2022-03-17,JPM,122.2221,125.1602
2022-03-17,KO,52.1599,52.7125
2022-03-17,LMT,379.2785,380.6373
2022-03-17,META,199.7865,205.8683
2022-03-17,MSFT,282.5764,284.4359
2022-03-17,NFLX,35.97,37.14
2022-03-17,NVDA,24.0213,24.6646
2022-03-17,PG,133.4438,133.6573
2022-03-17,TSLA,276.9967,290.5333
2022-03-17,VZ,39.1779,39.0883
2022-03-17,XOM,67.2297,67.9176
2022-03-17,^GSPC,4345.1099,4411.6699
2022-03-18,AAPL,156.9851,160.3789
2022-03-18,AMD,111.28,113.46
2022-03-18,AMZN,156.813,161.2505
2022-03-18,BA,192.07,192.83
2022-03-18,COST,525.6684,533.6442
2022-03-18,DIS,135.3026,136.0297
2022-03-18,GOOGL,132.1668,134.8424
2022-03-18,INTC,43.7548,44.3435
2022-03-18,JNJ,155.9358,154.0328
2022-03-18,JPM,125.196,125.1156
2022-03-18,KO,52.8967,52.7213
2022-03-18,LMT,386.0372,378.4971
2022-03-18,META,204.7391,214.4362
2022-03-18,MSFT,284.5805,289.4557
2022-03-18,NFLX,37.2,38.06
2022-03-18,NVDA,24.6975,26.3447
2022-03-18,PG,134.2267,133.5861
2022-03-18,TSLA,291.4967,301.7967
2022-03-18,VZ,38.9091,37.9237
2022-03-18,XOM,67.9864,67.651
2022-03-18,^GSPC,4407.3398,4463.1201
2022-03-21,AAPL,159.9192,161.7481
2022-03-21,AMD,113.73,115.92
2022-03-21,AMZN,161.121,161.4915
2022-03-21,BA,184.4,185.9
2022-03-21,COST,532.494,528.1115
2022-03-21,DIS,134.6723,134.4008
2022-03-21,GOOGL,134.88,134.8186
2022-03-21,INTC,44.3529,44.2874
2022-03-21,JNJ,153.8742,154.905
2022-03-21,JPM,125.3389,124.7137
2022-03-21,KO,53.0722,53.1424
2022-03-21,LMT,383.3374,390.7709
2022-03-21,META,212.4651,209.4836
2022-03-21,MSFT,287.9719,288.232
2022-03-21,NFLX,37.802,37.459
2022-03-21,NVDA,26.3985,26.6246
2022-03-21,PG,133.8441,134.0932
2022-03-21,TSLA,304.9933,307.0533
2022-03-21,VZ,38.3492,38.1477
2022-03-21,XOM,68.8979,70.6866
2022-03-21,^GSPC,4462.3999,4461.1802
2022-03-22,AAPL,161.8753,165.1126
2022-03-22,AMD,115.43,114.78
2022-03-22,AMZN,161.8055,164.889
2022-03-22,BA,185.24,191.04
2022-03-22,COST,529.471,531.8095
2022-03-22,DIS,134.8275,135.8455
2022-03-22,GOOGL,134.8186,138.5496
2022-03-22,INTC,44.3902,45.222
2022-03-22,JNJ,154.905,154.1738
2022-03-22,JPM,127.0535,127.366
2022-03-22,KO,53.4494,53.3353
2022-03-22,LMT,390.2824,391.2948
2022-03-22,META,209.3648,214.5947
2022-03-22,MSFT,288.8486,292.953
2022-03-22,NFLX,37.114,38.292
2022-03-22,NVDA,26.6176,26.4154
2022-03-22,PG,136.5042,135.1252
2022-03-22,TSLA,310.0,331.3267
2022-03-22,VZ,38.2149,38.073
2022-03-22,XOM,70.1965,70.377
2022-03-22,^GSPC,4469.1001,4511.6099
2022-03-23,AAPL,164.3009,166.4721
2022-03-23,AMD,114.29,113.92
2022-03-23,AMZN,163.705,163.408
2022-03-23,BA,189.67,186.04
2022-03-23,COST,529.4615,526.6761
2022-03-23,DIS,134.8372,133.4507
2022-03-23,GOOGL,137.3951,136.9721
2022-03-23,INTC,45.2874,45.1098
2022-03-23,JNJ,154.3764,153.5923
2022-03-23,JPM,125.9015,124.8298
2022-03-23,KO,53.2915,52.9844
2022-03-23,LMT,394.3233,395.4334
2022-03-23,META,211.3062,211.435
2022-03-23,MSFT,289.5327,288.55
2022-03-23,NFLX,37.977,37.449
2022-03-23,NVDA,26.019,25.5291
2022-03-23,PG,135.41,134.1822
2022-03-23,TSLA,326.6467,333.0367
2022-03-23,VZ,38.1103,38.0506
2022-03-23,XOM,71.6669,71.4863
2022-03-23,^GSPC,4493.1001,4456.2402
2022-03-24,AAPL,167.3033,170.2472
2022-03-24,AMD,114.96,120.53
2022-03-24,AMZN,163.7495,163.6495
2022-03-24,BA,186.35,189.05
2022-03-24,COST,528.0926,530.5642
2022-03-24,DIS,134.3621,134.7305
2022-03-24,GOOGL,137.8879,140.2375
2022-03-24,INTC,45.4743,48.2405
2022-03-24,JNJ,154.1737,154.3852
2022-03-24,JPM,125.2942,125.6425
2022-03-24,KO,53.195,53.4932
2022-03-24,LMT,395.4778,399.4122
2022-03-24,META,212.9603,217.487
2022-03-24,MSFT,288.2127,292.9915
2022-03-24,NFLX,37.976,37.571
2022-03-24,NVDA,26.0589,28.0348
2022-03-24,PG,134.2445,134.4135
2022-03-24,TSLA,336.5767,337.9733
2022-03-24,VZ,38.1029,38.073
2022-03-24,XOM,71.7701,71.7013
2022-03-24,^GSPC,4469.98,4520.1602
2022-03-25,AAPL,170.0614,170.883
2022-03-25,AMD,119.92,119.67
2022-03-25,AMZN,164.0,164.7735
2022-03-25,BA,187.76,188.95
2022-03-25,COST,532.1897,528.2826
2022-03-25,DIS,135.0408,134.905
2022-03-25,GOOGL,140.5783,140.3376
2022-03-25,INTC,47.3714,48.4368
2022-03-25,JNJ,154.7816,155.8652
2022-03-25,JPM,125.9997,126.7409
2022-03-25,KO,53.616,53.9757
2022-03-25,LMT,399.6786,402.9025
2022-03-25,META,218.418,219.7156
2022-03-25,MSFT,294.0803,292.5869
2022-03-25,NFLX,37.707,37.385
2022-03-25,NVDA,27.7718,27.5786
2022-03-25,PG,134.9028,135.9704
2022-03-25,TSLA,336.0,336.88
2022-03-25,VZ,38.1178,38.2821
2022-03-25,XOM,71.3058,73.2664
2022-03-25,^GSPC,4522.9102,4543.0601
2022-03-28,AAPL,168.389,171.7437
2022-03-28,AMD,117.7,120.24
2022-03-28,AMZN,164.975,168.9905
2022-03-28,BA,188.43,188.16
2022-03-28,COST,529.2619,537.3139
2022-03-28,DIS,134.6529,134.4978
2022-03-28,GOOGL,139.5724,140.1222
2022-03-28,INTC,47.9975,48.1377
2022-03-28,JNJ,155.6274,156.667
2022-03-28,JPM,125.0263,125.8032
2022-03-28,KO,53.9757,54.3178
2022-03-28,LMT,399.0481,395.1937
2022-03-28,META,220.0227,221.4689
2022-03-28,MSFT,293.2132,299.3506
2022-03-28,NFLX,37.523,37.851
2022-03-28,NVDA,27.6424,28.1035
2022-03-28,PG,136.6911,136.9046
2022-03-28,TSLA,355.0333,363.9467
2022-03-28,VZ,38.3418,38.1999
2022-03-28,XOM,71.5207,71.2112
2022-03-28,^GSPC,4541.0898,4575.52
2022-03-29,AAPL,172.8097,175.0299
2022-03-29,AMD,122.28,123.23
2022-03-29,AMZN,170.384,169.315
2022-03-29,BA,191.62,193.8
2022-03-29,COST,539.9661,541.8483
2022-03-29,DIS,136.6696,138.0464
2022-03-29,GOOGL,141.3029,141.1622
2022-03-29,INTC,48.5956,48.8293
2022-03-29,JNJ,157.363,156.5877
2022-03-29,JPM,128.018,126.0801
2022-03-29,KO,54.5722,54.5284
2022-03-29,LMT,384.7761,388.2397
2022-03-29,META,223.9253,227.6793
2022-03-29,MSFT,302.4432,303.8884
2022-03-29,NFLX,38.439,39.182
2022-03-29,NVDA,28.5775,28.5387
2022-03-29,PG,138.2302,138.3103
2022-03-29,TSLA,369.33,366.5233
2022-03-29,VZ,38.3119,38.2596
2022-03-29,XOM,69.4913,70.8328
2022-03-29,^GSPC,4602.8599,4631.6001
2022-03-30,AAPL,174.6289,173.866
2022-03-30,AMD,123.04,119.22
2022-03-30,AMZN,168.5095,166.301
2022-03-30,BA,192.32,194.91
2022-03-30,COST,542.7705,548.0181
2022-03-30,DIS,137.009,136.6696
2022-03-30,GOOGL,141.1172,140.6006
2022-03-30,INTC,48.8293,48.063
2022-03-30,JNJ,157.2043,158.2175
2022-03-30,JPM,126.7231,125.5085
2022-03-30,KO,54.3968,54.5722
2022-03-30,LMT,390.167,396.0552
2022-03-30,META,226.7384,225.6884
2022-03-30,MSFT,302.2987,302.3951
2022-03-30,NFLX,38.955,38.147
2022-03-30,NVDA,28.1881,27.5766
2022-03-30,PG,135.6768,137.3583
2022-03-30,TSLA,363.7233,364.6633
2022-03-30,VZ,38.2373,38.5284
2022-03-30,XOM,71.4261,72.0453
2022-03-30,^GSPC,4624.2002,4602.4502
2022-03-31,AAPL,173.9345,170.7754
2022-03-31,AMD,116.31,109.34
2022-03-31,AMZN,166.445,162.9975
2022-03-31,BA,195.0,191.5
2022-03-31,COST,550.1379,547.4285
2022-03-31,DIS,135.8746,132.9853
2022-03-31,GOOGL,140.714,137.7567
2022-03-31,INTC,47.848,46.3154
2022-03-31,JNJ,158.2175,156.1384
2022-03-31,JPM,124.8745,121.7399
2022-03-31,KO,54.581,54.388
2022-03-31,LMT,392.5115,392.0142
2022-03-31,META,226.2827,220.2505
2022-03-31,MSFT,302.4336,297.0478
2022-03-31,NFLX,38.359,37.459
2022-03-31,NVDA,27.6683,27.1743
2022-03-31,PG,137.1003,135.9438
2022-03-31,TSLA,364.8567,359.2
2022-03-31,VZ,38.5657,38.0282
2022-03-31,XOM,71.2628,71.022
2022-03-31,^GSPC,4599.02,4530.4102
2022-04-01,AAPL,170.2081,170.482
2022-04-01,AMD,110.48,108.19
2022-04-01,AMZN,164.1495,163.56
2022-04-01,BA,192.58,190.76
2022-04-01,COST,548.883,547.1623
2022-04-01,DIS,133.1598,132.8301
2022-04-01,GOOGL,138.1851,138.8295
2022-04-01,INTC,46.5677,44.9603
2022-04-01,JNJ,155.9798,156.9841
2022-04-01,JPM,122.7044,120.8379
2022-04-01,KO,54.6775,55.1512
2022-04-01,LMT,392.7424,396.0818
2022-04-01,META,222.4197,222.7169
2022-04-01,MSFT,298.0692,298.1174
2022-04-01,NFLX,37.68,37.347
2022-04-01,NVDA,27.2629,26.6026
2022-04-01,PG,136.5844,137.9812
2022-04-01,TSLA,360.3833,361.53
2022-04-01,VZ,38.088,38.9091
2022-04-01,XOM,70.506,71.4777
2022-04-01,^GSPC,4540.3198,4545.8599
2022-04-04,AAPL,170.7362,174.5213
2022-04-04,AMD,109.97,110.53
2022-04-04,AMZN,164.125,168.3465
2022-04-04,BA,190.02,191.18
2022-04-04,COST,545.6129,546.7442
2022-04-04,DIS,132.8011,134.3621
2022-04-04,GOOGL,139.0355,141.6238
2022-04-04,INTC,45.0164,45.979
2022-04-04,JNJ,156.9841,155.4688
2022-04-04,JPM,119.7752,121.3737
2022-04-04,KO,54.9143,54.8617
2022-04-04,LMT,397.4139,394.3322
2022-04-04,META,223.8362,231.6711
2022-04-04,MSFT,298.7627,303.4645
2022-04-04,NFLX,37.355,39.15
2022-04-04,NVDA,26.6186,27.248
2022-04-04,PG,136.8423,137.0826
2022-04-04,TSLA,363.1267,381.8167
2022-04-04,VZ,38.8345,39.163
2022-04-04,XOM,71.8561,71.5122
2022-04-04,^GSPC,4547.9702,4582.6401
2022-04-05,AAPL,173.602,171.2155
2022-04-05,AMD,109.69,106.82
2022-04-05,AMZN,167.7415,164.055
2022-04-05,BA,189.7,182.65
2022-04-05,COST,544.3297,546.925
2022-04-05,DIS,133.5476,131.4921
2022-04-05,GOOGL,141.5224,139.2658
2022-04-05,INTC,45.6332,44.979
2022-04-05,JNJ,155.4688,156.4731
2022-04-05,JPM,120.618,119.9612
2022-04-05,KO,54.7389,54.8003
2022-04-05,LMT,395.2115,397.2008
2022-04-05,META,231.8593,229.6405
2022-04-05,MSFT,301.8266,299.5239
2022-04-05,NFLX,38.93,38.015
2022-04-05,NVDA,27.1424,25.8248
2022-04-05,PG,136.6644,137.563
2022-04-05,TSLA,378.7667,363.7533
2022-04-05,VZ,38.9689,39.4019
2022-04-05,XOM,71.8045,71.1424
2022-04-05,^GSPC,4572.4502,4525.1201
2022-04-06,AAPL,168.5748,168.0565
2022-04-06,AMD,104.45,103.67
2022-04-06,AMZN,161.6505,158.756
2022-04-06,BA,180.4,178.72
2022-04-06,COST,545.6985,555.9274
2022-04-06,DIS,129.6791,128.535
2022-04-06,GOOGL,137.4421,135.2609
2022-04-06,INTC,44.3342,44.4276
2022-04-06,JNJ,158.0413,160.5433
2022-04-06,JPM,118.3778,118.2969
2022-04-06,KO,55.0635,55.353
2022-04-06,LMT,396.437,403.7195
2022-04-06,META,224.7573,221.1816
2022-04-06,MSFT,294.0418,288.5596
2022-04-06,NFLX,37.415,36.835
2022-04-06,NVDA,24.8319,24.3071
2022-04-06,PG,137.385,139.5292
2022-04-06,TSLA,357.8233,348.5867
2022-04-06,VZ,39.4242,39.7154
2022-04-06,XOM,71.7357,71.9335
2022-04-06,^GSPC,4494.1699,4481.1499
2022-04-07,AAPL,167.4012,168.3596
2022-04-07,AMD,103.92,103.72
2022-04-07,AMZN,158.4,157.7845
2022-04-07,BA,178.13,177.97
2022-04-07,COST,563.0571,578.0393
2022-04-07,DIS,128.9616,127.8563
2022-04-07,GOOGL,134.728,134.6076
2022-04-07,INTC,44.3248,44.4463
2022-04-07,JNJ,160.05,160.1293
2022-04-07,JPM,117.811,117.937
2022-04-07,KO,55.3793,55.6512
2022-04-07,LMT,402.3163,413.4267
2022-04-07,META,221.8056,220.8349
2022-04-07,MSFT,285.8234,290.3613
2022-04-07,NFLX,36.5,36.215
2022-04-07,NVDA,24.3409,24.1089
2022-04-07,PG,140.4545,141.3353
2022-04-07,TSLA,350.7967,352.42
2022-04-07,VZ,39.6323,39.7985
2022-04-07,XOM,72.0883,73.1374
2022-04-07,^GSPC,4474.6499,4500.21
2022-04-08,AAPL,168.0075,166.3547
2022-04-08,AMD,102.51,101.0
2022-04-08,AMZN,156.75,154.4605
2022-04-08,BA,176.54,175.2
2022-04-08,COST,576.4517,570.4246
2022-04-08,DIS,127.9823,127.8563
2022-04-08,GOOGL,134.3055,132.0311
2022-04-08,INTC,44.1846,43.9417
2022-04-08,JNJ,159.7504,160.4464
2022-04-08,JPM,118.4588,120.0962
2022-04-08,KO,55.6863,55.9933
2022-04-08,LMT,415.3893,409.883
2022-04-08,META,220.2703,220.2208
2022-04-08,MSFT,289.4653,286.122
2022-04-08,NFLX,36.196,35.588
2022-04-08,NVDA,23.8191,23.0244
2022-04-08,PG,142.0826,142.4384
2022-04-08,TSLA,347.7367,341.83
2022-04-08,VZ,39.8438,40.4483
2022-04-08,XOM,73.2406,74.6767
2022-04-08,^GSPC,4494.1499,4488.2798
2022-04-11,AAPL,165.005,162.11
2022-04-11,AMD,98.6,97.37
2022-04-11,AMZN,152.713,151.122
2022-04-11,BA,173.84,175.03
2022-04-11,COST,569.2363,555.8132
2022-04-11,DIS,126.082,126.6734
2022-04-11,GOOGL,130.5809,127.6092
2022-04-11,INTC,43.8295,43.5211
2022-04-11,JNJ,161.2217,158.4377
2022-04-11,JPM,119.6554,119.6554
2022-04-11,KO,56.0635,55.9758
2022-04-11,LMT,411.8991,412.3076
2022-04-11,META,216.3479,214.4065
2022-04-11,MSFT,281.1312,274.8398
2022-04-11,NFLX,35.0,34.8
2022-04-11,NVDA,22.1231,21.8273
2022-04-11,PG,142.305,141.8958
2022-04-11,TSLA,326.8,325.31
2022-04-11,VZ,40.7052,40.7279
2022-04-11,XOM,73.7652,72.1055
2022-04-11,^GSPC,4462.6401,4412.5298
2022-04-12,AAPL,164.3302,163.9781
2022-04-12,AMD,98.78,95.1
2022-04-12,AMZN,153.6925,150.7875
2022-04-12,BA,175.5,176.28
2022-04-12,COST,557.7336,552.6666
2022-04-12,DIS,127.7981,126.8576
2022-04-12,GOOGL,130.3595,126.5107
2022-04-12,INTC,44.222,43.4557
2022-04-12,JNJ,157.8739,158.4906
2022-04-12,JPM,118.8817,118.3419
2022-04-12,KO,56.4758,56.6337
2022-04-12,LMT,414.0395,415.2384
2022-04-12,META,218.1506,212.1085
2022-04-12,MSFT,278.6743,271.7566
2022-04-12,NFLX,35.591,34.41
2022-04-12,NVDA,22.4447,21.416
2022-04-12,PG,141.7356,141.4687
2022-04-12,TSLA,332.5467,328.9833
2022-04-12,VZ,40.7053,40.5541
2022-04-12,XOM,73.705,73.6104
2022-04-12,^GSPC,4437.5898,4397.4502
2022-04-13,AAPL,163.714,166.6579
2022-04-13,AMD,95.3,97.74
2022-04-13,AMZN,150.0185,155.541
2022-04-13,BA,176.96,182.87
2022-04-13,COST,553.7218,561.9164
2022-04-13,DIS,127.0613,128.3217
2022-04-13,GOOGL,126.7934,128.6696
2022-04-13,INTC,43.6893,43.9323
2022-04-13,JNJ,158.4906,159.1602
2022-04-13,JPM,114.2034,114.5273
2022-04-13,KO,56.5284,56.7828
2022-04-13,LMT,418.3024,416.6949
2022-04-13,META,209.8105,212.9504
2022-04-13,MSFT,272.4022,277.1135
2022-04-13,NFLX,34.392,35.043
2022-04-13,NVDA,21.6391,22.1121
2022-04-13,PG,141.5309,141.869
2022-04-13,TSLA,327.0267,340.79
2022-04-13,VZ,40.4937,40.9093
2022-04-13,XOM,74.4789,74.6509
2022-04-13,^GSPC,4394.2998,4446.5898
2022-04-14,AAPL,166.873,161.6601
2022-04-14,AMD,98.37,93.06
2022-04-14,AMZN,155.39,151.7065
2022-04-14,BA,182.75,181.94
2022-04-14,COST,562.5724,561.251
2022-04-14,DIS,128.7677,126.4989
2022-04-14,GOOGL,129.2496,125.5354
2022-04-14,INTC,43.6894,42.6801
2022-04-14,JNJ,158.5787,158.4906
2022-04-14,JPM,113.8076,113.4657
2022-04-14,KO,56.9846,57.0372
2022-04-14,LMT,419.1106,415.3361
2022-04-14,META,212.8514,208.1861
2022-04-14,MSFT,277.5664,269.6082
2022-04-14,NFLX,35.095,34.113
2022-04-14,NVDA,22.4129,21.171
2022-04-14,PG,142.3317,141.0772
2022-04-14,TSLA,333.0967,328.3333
2022-04-14,VZ,40.8035,40.675
2022-04-14,XOM,74.5305,75.528
2022-04-14,^GSPC,4449.1201,4392.5898
2022-04-18,AAPL,160.3201,161.4449
2022-04-18,AMD,92.03,93.89
2022-04-18,AMZN,151.5235,152.785
2022-04-18,BA,181.45,179.85
2022-04-18,COST,556.4882,553.3891
2022-04-18,DIS,126.1111,123.8811
2022-04-18,GOOGL,125.8029,126.473
2022-04-18,INTC,42.5492,43.5865
2022-04-18,JNJ,158.3408,156.5172
2022-04-18,JPM,113.0608,115.5709
2022-04-18,KO,56.8179,56.5284
2022-04-18,LMT,414.7499,415.1407
2022-04-18,META,208.0078,208.7705
2022-04-18,MSFT,268.7217,270.2729
2022-04-18,NFLX,34.0,33.786
2022-04-18,NVDA,21.1132,21.6938
2022-04-18,PG,140.9972,139.7338
2022-04-18,TSLA,329.6767,334.7633
2022-04-18,VZ,40.6221,40.3426
2022-04-18,XOM,76.1042,76.1472
2022-04-18,^GSPC,4385.6299,4391.6899
2022-04-19,AAPL,161.396,163.7237
2022-04-19,AMD,93.39,96.93
2022-04-19,AMZN,152.0295,158.1155
2022-04-19,BA,180.36,185.98
2022-04-19,COST,554.5583,564.9678
2022-04-19,DIS,124.1914,127.8854
2022-04-19,GOOGL,126.4879,128.7835
2022-04-19,INTC,43.5492,44.7921
2022-04-19,JNJ,159.213,161.2922
2022-04-19,JPM,115.5619,117.964
2022-04-19,KO,56.5811,57.0811
2022-04-19,LMT,410.7445,408.4442
2022-04-19,META,208.5228,215.2484
2022-04-19,MSFT,269.1746,274.8783
2022-04-19,NFLX,33.322,34.861
2022-04-19,NVDA,21.6311,22.1071
2022-04-19,PG,139.4758,141.8246
2022-04-19,TSLA,335.02,342.7167
2022-04-19,VZ,40.4861,40.6146
2022-04-19,XOM,75.6828,75.4678
2022-04-19,^GSPC,4390.6299,4462.21
2022-04-20,AAPL,165.0539,163.5575
2022-04-20,AMD,97.84,94.02
2022-04-20,AMZN,157.6025,153.998
2022-04-20,BA,187.24,183.55
2022-04-20,COST,569.5786,573.7424
2022-04-20,DIS,122.2134,120.7785
2022-04-20,GOOGL,129.6582,126.8331
2022-04-20,INTC,45.1939,44.9603
2022-04-20,JNJ,160.5522,162.0058
2022-04-20,JPM,119.2235,118.3778
2022-04-20,KO,57.4057,57.8618
2022-04-20,LMT,408.4265,403.089
2022-04-20,META,211.5835,198.5187
2022-04-20,MSFT,278.8286,275.8996
2022-04-20,NFLX,24.52,22.619
2022-04-20,NVDA,22.4248,21.3941
2022-04-20,PG,142.7943,145.5968
2022-04-20,TSLA,343.3333,325.7333
2022-04-20,VZ,40.6221,41.1133
2022-04-20,XOM,75.6484,75.6398
2022-04-20,^GSPC,4472.2598,4459.4502
2022-04-21,AAPL,165.2006,162.7653
2022-04-21,AMD,95.16,89.85
2022-04-21,AMZN,154.714,148.296
2022-04-21,BA,188.73,181.02
2022-04-21,COST,577.3074,562.5344
2022-04-21,DIS,121.719,117.9571
2022-04-21,GOOGL,128.0317,123.638
2022-04-21,INTC,45.4369,44.3902
2022-04-21,JNJ,162.041,161.5388
2022-04-21,JPM,118.9536,117.4602
2022-04-21,KO,57.8794,58.0811
2022-04-21,LMT,404.0926,390.3623
2022-04-21,META,199.6874,186.2858
2022-04-21,MSFT,278.0385,270.5523
2022-04-21,NFLX,22.0,21.822
2022-04-21,NVDA,21.6201,20.1004
2022-04-21,PG,146.5658,145.4832
2022-04-21,TSLA,358.2433,336.26
2022-04-21,VZ,41.2644,41.5667
2022-04-21,XOM,76.4912,74.8401
2022-04-21,^GSPC,4489.1699,4393.6602
2022-04-22,AAPL,162.8044,158.2369
2022-04-22,AMD,90.03,88.14
2022-04-22,AMZN,148.25,144.35
2022-04-22,BA,180.78,176.92
2022-04-22,COST,561.2129,543.4834
2022-04-22,DIS,116.3573,114.6702
2022-04-22,GOOGL,123.8217,118.5078
2022-04-22,INTC,44.3435,43.4931
2022-04-22,JNJ,160.7548,159.9354
2022-04-22,JPM,117.2083,114.0864
2022-04-22,KO,57.9671,57.239
2022-04-22,LMT,391.5612,395.913
2022-04-22,META,188.564,182.3634
2022-04-22,MSFT,271.3906,264.02
2022-04-22,NFLX,22.018,21.552
2022-04-22,NVDA,20.2199,19.4351
2022-04-22,PG,146.0468,144.2664
2022-04-22,TSLA,338.3033,335.0167
2022-04-22,VZ,40.3803,39.2242
2022-04-22,XOM,74.5219,73.2062
2022-04-22,^GSPC,4385.8301,4271.7798
2022-04-25,AAPL,157.5817,159.303
2022-04-25,AMD,89.86,90.69
2022-04-25,AMZN,144.023,146.074
2022-04-25,BA,174.51,175.91
2022-04-25,COST,542.162,540.1657
2022-04-25,DIS,114.0788,116.2991
2022-04-25,GOOGL,117.9784,121.9139
2022-04-25,INTC,43.1847,43.979
2022-04-25,JNJ,160.6402,163.8735
2022-04-25,JPM,113.3667,114.0505
2022-04-25,KO,58.7741,57.8443
2022-04-25,LMT,393.4351,393.3374
2022-04-25,META,180.9965,185.2161
2022-04-25,MSFT,263.3071,270.4656
2022-04-25,NFLX,21.381,20.991
2022-04-25,NVDA,19.1234,19.8205
2022-04-25,PG,144.6691,145.4295
2022-04-25,TSLA,326.3233,332.6733
2022-04-25,VZ,38.7935,37.9926
2022-04-25,XOM,70.8328,70.7382
2022-04-25,^GSPC,4255.3398,4296.1201
2022-04-26,AAPL,158.6868,153.3565
2022-04-26,AMD,89.74,85.16
2022-04-26,AMZN,144.8,139.391
2022-04-26,BA,174.76,167.04
2022-04-26,COST,537.3518,526.4289
2022-04-26,DIS,115.5235,112.2463
2022-04-26,GOOGL,121.1417,117.5316
2022-04-26,INTC,43.6333,42.5399
2022-04-26,JNJ,163.0718,162.7018
2022-04-26,JPM,112.1342,110.6767
2022-04-26,KO,57.4759,57.0636
2022-04-26,LMT,397.0232,396.1795
2022-04-26,META,184.8595,179.2334
2022-04-26,MSFT,267.3633,260.3492
2022-04-26,NFLX,20.88,19.84
2022-04-26,NVDA,19.6373,18.7111
2022-04-26,PG,145.5458,142.9602
2022-04-26,TSLA,331.81,292.14
2022-04-26,VZ,37.9775,37.3352
2022-04-26,XOM,71.1424,70.764
2022-04-26,^GSPC,4278.1401,4175.2002
2022-04-27,AAPL,152.4861,153.1316
2022-04-27,AMD,84.25,84.91
2022-04-27,AMZN,140.1915,138.167
2022-04-27,BA,161.25,154.46
2022-04-27,COST,528.7388,526.733
2022-04-27,DIS,111.9167,111.7034
2022-04-27,GOOGL,113.3905,113.2172
2022-04-27,INTC,42.5025,42.2595
2022-04-27,JNJ,162.3141,160.4288
2022-04-27,JPM,110.056,109.2373
2022-04-27,KO,57.0197,57.5109
2022-04-27,LMT,396.3038,395.1937
2022-04-27,META,172.7752,173.2903
2022-04-27,MSFT,271.7952,272.8743
2022-04-27,NFLX,19.401,18.854
2022-04-27,NVDA,18.5219,18.3396
2022-04-27,PG,143.336,142.5755
2022-04-27,TSLA,299.5267,293.8367
2022-04-27,VZ,37.4107,36.6173
2022-04-27,XOM,71.7099,72.7849
2022-04-27,^GSPC,4186.52,4183.96
2022-04-28,AAPL,155.7528,160.0464
2022-04-28,AMD,86.67,89.64
2022-04-28,AMZN,142.178,144.5965
2022-04-28,BA,156.61,154.22
2022-04-28,COST,528.9134,535.1312
2022-04-28,DIS,111.7131,111.7809
2022-04-28,GOOGL,115.3177,117.4053
2022-04-28,INTC,42.7922,43.7735
2022-04-28,JNJ,160.561,161.627
2022-04-28,JPM,110.4878,110.9646
2022-04-28,KO,56.7214,58.0636
2022-04-28,LMT,398.7639,392.2896
2022-04-28,META,200.9949,203.7783
2022-04-28,MSFT,274.7723,279.0501
2022-04-28,NFLX,19.156,19.952
2022-04-28,NVDA,18.8894,19.701
2022-04-28,PG,143.6312,146.199
2022-04-28,TSLA,299.9933,292.5033
2022-04-28,VZ,36.7911,36.572
2022-04-28,XOM,72.9912,74.9863
2022-04-28,^GSPC,4222.5801,4287.5
2022-04-29,AAPL,158.2859,154.1879
2022-04-29,AMD,88.05,85.52
2022-04-29,AMZN,129.849,124.2815
2022-04-29,BA,153.44,148.84
2022-04-29,COST,534.1125,506.299
2022-04-29,DIS,111.6937,108.2323
2022-04-29,GOOGL,115.6342,113.0339
2022-04-29,INTC,42.0446,40.7362
2022-04-29,JNJ,160.7812,158.984
2022-04-29,JPM,110.7037,107.3839
2022-04-29,KO,57.7829,56.6776
2022-04-29,LMT,394.7051,383.7724
2022-04-29,META,202.5203,198.5682
2022-04-29,MSFT,278.0674,267.3825
2022-04-29,NFLX,19.868,19.036
2022-04-29,NVDA,19.3226,18.4711
2022-04-29,PG,145.358,143.6402
2022-04-29,TSLA,300.75,290.2533
2022-04-29,VZ,36.3907,34.9852
2022-04-29,XOM,75.7946,73.3094
2022-04-29,^GSPC,4253.75,4131.9302
2022-05-02,AAPL,153.2685,154.4911
2022-05-02,AMD,85.66,89.84
2022-05-02,AMZN,122.401,124.5
2022-05-02,BA,148.02,148.61
2022-05-02,COST,506.7847,503.6615
2022-05-02,DIS,108.3099,110.0454
2022-05-02,GOOGL,112.3361,115.4841
2022-05-02,INTC,40.8577,42.0165
2022-05-02,JNJ,158.9928,157.3806
2022-05-02,JPM,107.8518,108.3646
2022-05-02,KO,57.2653,55.6512
2022-05-02,LMT,381.5344,382.609
2022-05-02,META,199.2616,209.1271
2022-05-02,MSFT,267.5655,274.0786
2022-05-02,NFLX,19.171,19.946
2022-05-02,NVDA,18.4651,19.453
2022-05-02,PG,144.5796,141.6987
2022-05-02,TSLA,286.9233,300.98
2022-05-02,VZ,35.1439,34.9323
2022-05-02,XOM,73.103,74.3069
2022-05-02,^GSPC,4130.6099,4155.3799
2022-05-03,AAPL,154.6769,155.9777
2022-05-03,AMD,89.85,91.13
2022-05-03,AMZN,124.0535,124.2535
2022-05-03,BA,149.09,153.58
2022-05-03,COST,504.6613,502.8331
2022-05-03,DIS,110.5787,110.0939
2022-05-03,GOOGL,115.333,116.228
2022-05-03,INTC,41.8577,42.11
2022-05-03,JNJ,157.5215,157.0722
2022-05-03,JPM,109.3362,110.6857
2022-05-03,KO,55.8968,55.3354
2022-05-03,LMT,385.7796,386.1259
2022-05-03,META,208.4535,210.0185
2022-05-03,MSFT,273.5873,271.4869
2022-05-03,NFLX,19.829,19.987
2022-05-03,NVDA,19.3206,19.5218
2022-05-03,PG,141.5556,139.7573
2022-05-03,TSLA,301.06,303.0833
2022-05-03,VZ,35.0532,35.6426
2022-05-03,XOM,74.1779,75.8376
2022-05-03,^GSPC,4159.7798,4175.48
2022-05-04,AAPL,156.1635,162.3741
2022-05-04,AMD,98.18,99.42
2022-05-04,AMZN,123.6,125.9285
2022-05-04,BA,152.91,156.97
2022-05-04,COST,506.1849,518.4015
2022-05-04,DIS,109.9194,112.6536
2022-05-04,GOOGL,115.9284,121.1086
2022-05-04,INTC,42.11,43.4931
2022-05-04,JNJ,156.9488,158.7549
2022-05-04,JPM,110.4788,114.3474
2022-05-04,KO,55.2652,57.046
2022-05-04,LMT,388.1331,395.8686
2022-05-04,META,208.6516,221.2906
2022-05-04,MSFT,272.2673,279.3874
2022-05-04,NFLX,19.765,20.401
2022-05-04,NVDA,19.8414,20.2508
2022-05-04,PG,139.4173,140.7862
2022-05-04,TSLA,301.3133,317.54
2022-05-04,VZ,35.6955,36.5493
2022-05-04,XOM,76.9641,78.856
2022-05-04,^GSPC,4181.1802,4300.1699
2022-05-05,AAPL,160.2517,153.3272
2022-05-05,AMD,97.65,93.87
2022-05-05,AMZN,123.0,116.407
2022-05-05,BA,155.69,150.47
2022-05-05,COST,515.6781,492.5875
2022-05-05,DIS,111.2477,109.1825
2022-05-05,GOOGL,119.071,115.4073
2022-05-05,INTC,42.9515,42.0096
2022-05-05,JNJ,158.0677,155.7243
2022-05-05,JPM,112.683,111.4864
2022-05-05,KO,56.7477,56.5898
2022-05-05,LMT,395.8686,393.5684
2022-05-05,META,216.6649,206.3041
2022-05-05,MSFT,275.1096,267.2188
2022-05-05,NFLX,20.045,18.832
2022-05-05,NVDA,19.7857,18.7669
2022-05-05,PG,139.8378,138.1916
2022-05-05,TSLA,313.0067,291.0933
2022-05-05,VZ,36.2924,36.1489
2022-05-05,XOM,79.1484,77.6607
2022-05-05,^GSPC,4270.4302,4146.8701
2022-05-06,AAPL,152.8081,154.052
2022-05-06,AMD,94.34,95.34
2022-05-06,AMZN,114.85,114.7725
2022-05-06,BA,149.96,148.9
2022-05-06,COST,489.8071,479.2949
2022-05-06,DIS,108.3681,106.9331
2022-05-06,GOOGL,114.0988,114.6555
2022-05-06,INTC,41.906,41.727
2022-05-06,JNJ,154.2971,155.3807
2022-05-06,JPM,111.3785,111.3065
2022-05-06,KO,56.3179,56.7916
2022-05-06,LMT,392.1296,399.1458
2022-05-06,META,205.373,201.8369
2022-05-06,MSFT,264.7715,264.6944
2022-05-06,NFLX,18.675,18.097
2022-05-06,NVDA,18.6593,18.5985
2022-05-06,PG,138.4689,139.5694
2022-05-06,TSLA,295.6667,288.55
2022-05-06,VZ,35.9675,36.4738
2022-05-06,XOM,78.2369,78.8474
2022-05-06,^GSPC,4128.1699,4123.3398
2022-05-09,AAPL,151.7502,148.9391
2022-05-09,AMD,92.87,86.36
2022-05-09,AMZN,111.3125,108.789
2022-05-09,BA,146.0,133.31
2022-05-09,COST,472.3819,474.9814
2022-05-09,DIS,104.8195,103.7239
2022-05-09,GOOGL,112.1825,111.4505
2022-05-09,INTC,41.2655,40.5684
2022-05-09,JNJ,154.5702,156.2264
2022-05-09,JPM,109.858,109.6331
2022-05-09,KO,56.5548,56.6776
2022-05-09,LMT,397.0142,389.7406
2022-05-09,META,197.9441,194.3486
2022-05-09,MSFT,260.195,254.9152
2022-05-09,NFLX,17.766,17.31
2022-05-09,NVDA,17.9602,16.8806
2022-05-09,PG,137.7443,139.2205
2022-05-09,TSLA,278.8167,262.37
2022-05-09,VZ,36.368,36.7383
2022-05-09,XOM,76.9125,72.6301
2022-05-09,^GSPC,4081.27,3991.24
2022-05-10,AAPL,152.3281,151.3389
2022-05-10,AMD,89.18,88.73
2022-05-10,AMZN,111.25,108.859
2022-05-10,BA,136.76,132.95
2022-05-10,COST,485.3318,477.4857
2022-05-10,DIS,106.4968,104.4026
2022-05-10,GOOGL,114.4187,113.3167
2022-05-10,INTC,41.7741,41.4538
2022-05-10,JNJ,157.0193,156.015
2022-05-10,JPM,110.7577,106.9611
2022-05-10,KO,56.5811,56.1512
2022-05-10,LMT,390.7175,389.9982
2022-05-10,META,197.6173,195.7749
2022-05-10,MSFT,261.7654,259.6554
2022-05-10,NFLX,17.601,17.766
2022-05-10,NVDA,17.6166,17.523
2022-05-10,PG,139.1668,138.4868
2022-05-10,TSLA,273.1033,266.68
2022-05-10,VZ,36.9498,36.368
2022-05-10,XOM,73.6448,73.1116
2022-05-10,^GSPC,4035.1799,4001.05
2022-05-11,AAPL,150.3496,143.4933
2022-05-11,AMD,87.84,87.92
2022-05-11,AMZN,108.1035,105.372
2022-05-11,BA,132.95,129.39
2022-05-11,COST,479.8281,465.6975
2022-05-11,DIS,104.6159,102.0078
2022-05-11,GOOGL,112.1692,112.5317
2022-05-11,INTC,41.4633,40.3424
2022-05-11,JNJ,155.0195,155.1693
2022-05-11,JPM,107.33,106.2864
2022-05-11,KO,56.432,56.4144
2022-05-11,LMT,388.5505,391.1349
2022-05-11,META,194.4675,186.9495
2022-05-11,MSFT,255.975,251.0324
2022-05-11,NFLX,17.609,16.637
2022-05-11,NVDA,17.276,16.5619
2022-05-11,PG,137.8069,136.5365
2022-05-11,TSLA,265.0,244.6667
2022-05-11,VZ,36.4058,36.1791
2022-05-11,XOM,74.3241,74.6337
2022-05-11,^GSPC,3990.0801,3935.1799
2022-05-12,AAPL,139.8398,139.6341
2022-05-12,AMD,86.6,87.06
2022-05-12,AMZN,102.75,106.9305
2022-05-12,BA,126.89,123.14
2022-05-12,COST,463.5171,462.9362
2022-05-12,DIS,99.7681,101.1351
2022-05-12,GOOGL,110.3277,111.7803
2022-05-12,INTC,40.2482,40.3518
2022-05-12,JNJ,155.4688,156.7022
2022-05-12,JPM,105.2607,106.1964
2022-05-12,KO,56.2828,56.5898
2022-05-12,LMT,390.1136,385.9661
2022-05-12,META,185.2854,189.4258
2022-05-12,MSFT,248.2769,246.0223
2022-05-12,NFLX,16.396,17.431
2022-05-12,NVDA,16.1526,16.1088
2022-05-12,PG,137.3506,135.9818
2022-05-12,TSLA,233.6667,242.6667
2022-05-12,VZ,36.1262,36.3151
2022-05-12,XOM,74.6684,74.9725
2022-05-12,^GSPC,3903.95,3930.0801
2022-05-13,AAPL,141.6224,144.0907
2022-05-13,AMD,88.3,95.12
2022-05-13,AMZN,109.069,113.055
2022-05-13,BA,124.98,127.2
2022-05-13,COST,469.5349,473.496
2022-05-13,DIS,102.1532,104.0632
2022-05-13,GOOGL,113.4534,114.9566
2022-05-13,INTC,40.8981,41.0676
2022-05-13,JNJ,157.4334,155.8036
2022-05-13,JPM,107.4289,107.141
2022-05-13,KO,56.853,57.6513
2022-05-13,LMT,386.6499,386.4812
2022-05-13,META,190.753,196.7357
2022-05-13,MSFT,247.9493,251.5816
2022-05-13,NFLX,17.716,18.764
2022-05-13,NVDA,16.7193,17.6335
2022-05-13,PG,136.5096,137.4401
2022-05-13,TSLA,257.8267,256.53
2022-05-13,VZ,36.4587,36.4058
2022-05-13,XOM,75.8934,77.1965
2022-05-13,^GSPC,3963.8999,4023.8899
2022-05-16,AAPL,142.5628,142.553
2022-05-16,AMD,93.86,94.24
2022-05-16,AMZN,113.1,110.8105
2022-05-16,BA,127.05,124.05
2022-05-16,COST,472.42,470.887
2022-05-16,DIS,104.1893,101.9787
2022-05-16,GOOGL,113.8719,113.3662
2022-05-16,INTC,40.8981,40.5779
2022-05-16,JNJ,155.8036,156.8872
2022-05-16,JPM,106.6462,106.3943
2022-05-16,KO,57.4057,57.8618
2022-05-16,LMT,386.3303,388.595
2022-05-16,META,195.1806,198.1423
2022-05-16,MSFT,250.4639,251.9477
2022-05-16,NFLX,19.33,18.651
2022-05-16,NVDA,17.4373,17.1933
2022-05-16,PG,137.3059,138.7821
2022-05-16,TSLA,255.72,241.4567
2022-05-16,VZ,36.2546,37.0556
2022-05-16,XOM,77.3008,79.0122
2022-05-16,^GSPC,4013.02,4008.01
2022-05-17,AAPL,145.8048,146.177
2022-05-17,AMD,97.88,102.47
2022-05-17,AMZN,113.275,115.3685
2022-05-17,BA,126.91,132.05
2022-05-17,COST,465.7738,467.0211
2022-05-17,DIS,104.451,105.3333
2022-05-17,GOOGL,115.7392,115.3751
2022-05-17,INTC,41.2749,41.8212
2022-05-17,JNJ,157.451,157.5391
2022-05-17,JPM,108.8954,109.921
2022-05-17,KO,57.9846,57.7039
2022-05-17,LMT,390.6021,391.659
2022-05-17,META,200.2025,200.6978
2022-05-17,MSFT,256.3893,257.0734
2022-05-17,NFLX,18.917,19.056
2022-05-17,NVDA,18.0,18.1026
2022-05-17,PG,138.791,138.3884
2022-05-17,TSLA,249.12,253.87
2022-05-17,VZ,36.9876,36.98
2022-05-17,XOM,79.6898,80.0199
2022-05-17,^GSPC,4052.0,4088.8501
2022-05-18,AAPL,143.8361,137.9298
2022-05-18,AMD,100.0,96.28
2022-05-18,AMZN,111.4395,107.1125
2022-05-18,BA,130.34,125.52
2022-05-18,COST,438.0079,408.8709
2022-05-18,DIS,104.1117,101.1255
2022-05-18,GOOGL,113.916,110.8447
2022-05-18,INTC,41.4256,39.8903
2022-05-18,JNJ,157.5568,154.6142
2022-05-18,JPM,109.1293,108.0407
2022-05-18,KO,57.3881,53.6862
2022-05-18,LMT,391.659,385.7353
2022-05-18,META,198.1026,190.4162
2022-05-18,MSFT,253.9831,245.3689
2022-05-18,NFLX,18.672,17.719
2022-05-18,NVDA,17.6325,16.8687
2022-05-18,PG,138.3795,129.7638
2022-05-18,TSLA,248.1733,236.6033
2022-05-18,VZ,36.9876,36.9423
2022-05-18,XOM,80.3674,78.7515
2022-05-18,^GSPC,4051.98,3923.6799
2022-05-19,AAPL,137.0091,134.531
2022-05-19,AMD,96.69,96.67
2022-05-19,AMZN,106.2805,107.319
2022-05-19,BA,124.4,127.14
2022-05-19,COST,409.7944,402.7101
2022-05-19,DIS,100.2819,100.0007
2022-05-19,GOOGL,110.3812,109.3435
2022-05-19,INTC,39.862,39.57
2022-05-19,JNJ,153.9271,153.2399
2022-05-19,JPM,106.3313,106.4393
2022-05-19,KO,53.4757,52.6336
2022-05-19,LMT,382.6445,377.9997
2022-05-19,META,189.3861,189.4753
2022-05-19,MSFT,245.1951,244.4612
2022-05-19,NFLX,17.805,18.348
2022-05-19,NVDA,16.8677,17.0539
2022-05-19,PG,128.3055,126.7756
2022-05-19,TSLA,235.6667,236.4733
2022-05-19,VZ,36.6173,37.1009
2022-05-19,XOM,77.3181,79.1772
2022-05-19,^GSPC,3899.0,3900.79
2022-05-20,AAPL,136.2353,134.7661
2022-05-20,AMD,98.39,93.5
2022-05-20,AMZN,109.5685,107.591
2022-05-20,BA,128.77,120.7
2022-05-20,COST,408.2996,396.521
2022-05-20,DIS,101.3097,99.3027
2022-05-20,GOOGL,110.8957,107.8814
2022-05-20,INTC,39.7961,39.2309
2022-05-20,JNJ,154.0416,155.9181
2022-05-20,JPM,107.4739,105.5666
2022-05-20,KO,53.0634,53.4932
2022-05-20,LMT,380.1135,376.6942
2022-05-20,META,193.1204,191.7039
2022-05-20,MSFT,248.4206,243.901
2022-05-20,NFLX,18.587,18.635
2022-05-20,NVDA,17.261,16.6257
2022-05-20,PG,127.1782,126.8561
2022-05-20,TSLA,237.9967,221.3
2022-05-20,VZ,37.0556,37.4259
2022-05-20,XOM,79.8635,79.8027
2022-05-20,^GSPC,3927.76,3901.3601
2022-05-23,AAPL,134.962,140.1728
2022-05-23,AMD,91.66,95.07
2022-05-23,AMZN,108.461,107.557
2022-05-23,BA,121.7,124.07
2022-05-23,COST,399.9202,408.947
2022-05-23,DIS,100.6019,102.6089
2022-05-23,GOOGL,108.5545,110.4371
2022-05-23,INTC,39.2686,39.5606
2022-05-23,JNJ,157.4698,159.1012
2022-05-23,JPM,108.3736,112.0982
2022-05-23,KO,54.081,55.1424
2022-05-23,LMT,379.6161,384.5807
2022-05-23,META,193.3383,194.3684
2022-05-23,MSFT,246.7306,251.7137
2022-05-23,NFLX,18.615,18.744
2022-05-23,NVDA,16.2074,16.8288
2022-05-23,PG,127.7955,129.7727
2022-05-23,TSLA,218.34,224.9667
2022-05-23,VZ,37.6223,37.5316
2022-05-23,XOM,80.4977,81.5663
2022-05-23,^GSPC,3919.4199,3973.75
2022-05-24,AAPL,137.92,137.4792
2022-05-24,AMD,92.54,91.16
2022-05-24,AMZN,104.025,104.1
2022-05-24,BA,122.44,119.4
2022-05-24,COST,404.4907,416.7835
2022-05-24,DIS,100.5534,98.4979
2022-05-24,GOOGL,104.775,104.9711
2022-05-24,INTC,39.278,39.2497
2022-05-24,JNJ,158.9328,160.8391
2022-05-24,JPM,111.8823,113.6816
2022-05-24,KO,55.16,56.16
2022-05-24,LMT,384.554,393.2398
2022-05-24,META,178.8372,179.5602
2022-05-24,MSFT,249.0483,250.7189
2022-05-24,NFLX,18.2,18.034
2022-05-24,NVDA,16.4424,16.0879
2022-05-24,PG,129.6295,132.081
2022-05-24,TSLA,217.8433,209.3867
2022-05-24,VZ,37.5468,38.2948
2022-05-24,XOM,80.6367,82.0093
2022-05-24,^GSPC,3942.9399,3941.48
2022-05-25,AAPL,135.5889,137.636
2022-05-25,AMD,90.43,92.65
2022-05-25,AMZN,103.6555,106.775
2022-05-25,BA,119.17,122.06
2022-05-25,COST,415.4695,419.0688
2022-05-25,DIS,98.3428,100.1171
2022-05-25,GOOGL,103.9959,104.8077
2022-05-25,INTC,39.0331,39.749
2022-05-25,JNJ,160.0676,159.2608
2022-05-25,JPM,113.6096,114.4733
2022-05-25,KO,56.1425,56.2039
2022-05-25,LMT,393.8615,397.4673
2022-05-25,META,178.6886,182.086
2022-05-25,MSFT,249.2898,253.5196
2022-05-25,NFLX,18.028,18.783
2022-05-25,NVDA,15.9544,16.9055
2022-05-25,PG,131.6157,129.9158
2022-05-25,TSLA,207.95,219.6
2022-05-25,VZ,38.1588,38.718
2022-05-25,XOM,82.1657,83.66
2022-05-25,^GSPC,3929.5901,3978.73
2022-05-26,AAPL,134.5702,140.8291
2022-05-26,AMD,91.34,98.75
2022-05-26,AMZN,107.97,111.0775
2022-05-26,BA,123.1,127.73
2022-05-26,COST,427.6289,442.7592
2022-05-26,DIS,101.0479,102.3956
2022-05-26,GOOGL,104.6809,106.7765
2022-05-26,INTC,39.7207,40.9546
2022-05-26,JNJ,160.4844,159.1189
2022-05-26,JPM,115.4899,116.4526
2022-05-26,KO,56.2039,56.4056
2022-05-26,LMT,399.6519,397.8668
2022-05-26,META,181.1451,189.8121
2022-05-26,MSFT,253.2781,256.7836
2022-05-26,NFLX,18.649,19.14
2022-05-26,NVDA,15.9704,17.7779
2022-05-26,PG,131.052,131.052
2022-05-26,TSLA,220.4733,235.91
2022-05-26,VZ,38.7709,38.5291
2022-05-26,XOM,83.9206,83.9553
2022-05-26,^GSPC,3984.6001,4057.8401
2022-05-27,AAPL,142.4061,146.5688
2022-05-27,AMD,100.14,102.26
2022-05-27,AMZN,113.55,115.1465
2022-05-27,BA,128.77,132.23
2022-05-27,COST,434.9608,448.2534
2022-05-27,DIS,103.6366,105.9927
2022-05-27,GOOGL,108.451,111.2578
2022-05-27,INTC,41.0582,41.9625
2022-05-27,JNJ,159.3849,160.5642
2022-05-27,JPM,117.1003,118.0989
2022-05-27,KO,56.3705,56.739
2022-05-27,LMT,400.6645,400.1494
2022-05-27,META,189.5446,193.2789
2022-05-27,MSFT,259.2752,263.872
2022-05-27,NFLX,19.319,19.519
2022-05-27,NVDA,18.1116,18.734
2022-05-27,PG,131.4905,133.0562
2022-05-27,TSLA,241.0833,253.21
2022-05-27,VZ,38.3477,38.8389
2022-05-27,XOM,83.3559,84.7806
2022-05-27,^GSPC,4077.4299,4158.2402
2022-05-31,AAPL,146.0105,145.7852
2022-05-31,AMD,102.43,101.86
2022-05-31,AMZN,116.28,120.2095
2022-05-31,BA,131.03,131.4
2022-05-31,COST,448.2535,443.9305
2022-05-31,DIS,106.6519,107.0786
2022-05-31,GOOGL,111.6837,112.6897
2022-05-31,INTC,41.6799,41.84
2022-05-31,JNJ,157.8244,159.181
2022-05-31,JPM,117.1183,118.9626
2022-05-31,KO,56.2126,55.5986
2022-05-31,LMT,395.8955,393.3128
2022-05-31,META,193.0411,191.803
2022-05-31,MSFT,263.1864,262.549
2022-05-31,NFLX,19.618,19.744
2022-05-31,NVDA,18.9023,18.5956
2022-05-31,PG,131.7768,132.3047
2022-05-31,TSLA,257.9467,252.7533
2022-05-31,VZ,38.7331,38.7558
2022-05-31,XOM,85.6233,83.3993
2022-05-31,^GSPC,4151.0898,4132.1499
2022-06-01,AAPL,146.8235,145.6579
2022-06-01,AMD,102.13,101.22
2022-06-01,AMZN,122.256,121.684
2022-06-01,BA,133.0,130.65
2022-06-01,COST,446.9394,435.1418
2022-06-01,DIS,108.6008,105.8666
2022-06-01,GOOGL,113.7724,112.8185
2022-06-01,INTC,42.1697,41.548
2022-06-01,JNJ,158.8441,157.5673
2022-06-01,JPM,119.5384,116.8754
2022-06-01,KO,55.6337,55.3266
2022-06-01,LMT,395.9222,392.5888
2022-06-01,META,194.6458,186.8504
2022-06-01,MSFT,265.7649,263.0802
2022-06-01,NFLX,19.87,19.291
2022-06-01,NVDA,18.6474,18.245
2022-06-01,PG,132.412,130.3006
2022-06-01,TSLA,251.72,246.79
2022-06-01,VZ,38.8691,38.8389
2022-06-01,XOM,84.2854,84.9978
2022-06-01,^GSPC,4149.7798,4101.23
2022-06-02,AAPL,144.796,148.1066
2022-06-02,AMD,100.78,108.59
2022-06-02,AMZN,121.684,125.511
2022-06-02,BA,132.14,140.5
2022-06-02,COST,438.8648,464.2978
2022-06-02,DIS,106.0993,107.4955
2022-06-02,GOOGL,112.9254,116.5138
2022-06-02,INTC,41.6234,42.2356
2022-06-02,JNJ,157.5939,157.0708
2022-06-02,JPM,116.8664,118.7557
2022-06-02,KO,55.4231,55.9056
2022-06-02,LMT,394.7873,394.2064
2022-06-02,META,186.6622,196.9734
2022-06-02,MSFT,255.3834,265.1661
2022-06-02,NFLX,19.202,20.509
2022-06-02,NVDA,18.2171,19.5118
2022-06-02,PG,130.5958,131.7052
2022-06-02,TSLA,244.1567,258.3333
2022-06-02,VZ,38.9522,38.7558
2022-06-02,XOM,84.52,84.8501
2022-06-02,^GSPC,4095.4099,4176.8198
2022-06-03,AAPL,143.885,142.3962
2022-06-03,AMD,105.8,106.3
2022-06-03,AMZN,124.2,122.35
2022-06-03,BA,138.52,139.25
2022-06-03,COST,461.8412,453.481
2022-06-03,DIS,105.8472,105.3624
2022-06-03,GOOGL,114.9685,113.4613
2022-06-03,INTC,41.548,40.8698
2022-06-03,JNJ,156.9999,156.4235
2022-06-03,JPM,118.045,117.1003
2022-06-03,KO,55.7653,55.2389
2022-06-03,LMT,393.2144,395.6184
2022-06-03,META,194.1207,188.9701
2022-06-03,MSFT,261.0425,260.7624
2022-06-03,NFLX,20.014,19.898
2022-06-03,NVDA,19.0039,18.6434
2022-06-03,PG,130.9447,130.5242
2022-06-03,TSLA,243.2267,234.5167
2022-06-03,VZ,38.4913,38.3931
2022-06-03,XOM,85.0499,86.0837
2022-06-03,^GSPC,4137.5698,4108.54
2022-06-06,AAPL,144.0124,143.1406
2022-06-06,AMD,108.27,105.65
2022-06-06,AMZN,125.25,124.79
2022-06-06,BA,139.99,139.24
2022-06-06,COST,457.5278,449.8817
2022-06-06,DIS,106.4096,104.548
2022-06-06,GOOGL,115.6044,115.7194
2022-06-06,INTC,41.2655,40.8228
2022-06-06,JNJ,157.124,156.4058
2022-06-06,JPM,117.937,116.7135
2022-06-06,KO,55.5547,55.1512
2022-06-06,LMT,396.6283,396.2619
2022-06-06,META,192.1496,192.4072
2022-06-06,MSFT,262.7325,259.5359
2022-06-06,NFLX,20.209,19.714
2022-06-06,NVDA,19.0607,18.7091
2022-06-06,PG,131.8483,130.0143
2022-06-06,TSLA,244.3533,238.28
2022-06-06,VZ,38.4837,38.718
2022-06-06,XOM,86.1619,85.8665
2022-06-06,^GSPC,4134.7202,4121.4302
2022-06-07,AAPL,141.3874,145.6579
2022-06-07,AMD,104.24,105.28
2022-06-07,AMZN,122.01,123.0
2022-06-07,BA,137.49,140.82
2022-06-07,COST,437.9222,449.2247
2022-06-07,DIS,103.5397,104.5092
2022-06-07,GOOGL,114.392,116.0452
2022-06-07,INTC,40.559,41.0017
2022-06-07,JNJ,156.9201,158.1259
2022-06-07,JPM,115.9038,117.0194
2022-06-07,KO,54.7214,55.4845
2022-06-07,LMT,395.0018,407.7812
2022-06-07,META,190.1092,193.7939
2022-06-07,MSFT,257.4983,263.1574
2022-06-07,NFLX,19.487,19.861
2022-06-07,NVDA,18.3964,18.8485
2022-06-07,PG,128.538,131.4636
2022-06-07,TSLA,234.0,238.8867
2022-06-07,VZ,38.65,39.0278
2022-06-07,XOM,86.6137,89.8019
2022-06-07,^GSPC,4096.4702,4160.6802
2022-06-08,AAPL,145.5306,144.9233
2022-06-08,AMD,104.57,101.9
2022-06-08,AMZN,122.61,121.18
2022-06-08,BA,139.13,139.63
2022-06-08,COST,449.2247,445.6159
2022-06-08,DIS,104.1602,104.0729
2022-06-08,GOOGL,115.6609,116.0893
2022-06-08,INTC,39.7961,38.8353
2022-06-08,JNJ,157.9131,157.186
2022-06-08,JPM,116.0567,115.157
2022-06-08,KO,55.2565,55.1687
2022-06-08,LMT,403.9385,396.2619
2022-06-08,META,192.8232,194.7745
2022-06-08,MSFT,262.3945,261.139
2022-06-08,NFLX,19.795,20.283
2022-06-08,NVDA,18.726,18.5756
2022-06-08,PG,130.8911,129.8264
2022-06-08,TSLA,240.0867,241.8667
2022-06-08,VZ,39.0882,38.9522
2022-06-08,XOM,89.9062,90.8618
2022-06-08,^GSPC,4147.1201,4115.77
2022-06-09,AAPL,144.0613,139.7125
2022-06-09,AMD,101.57,98.8
2022-06-09,AMZN,119.99,116.15
2022-06-09,BA,139.35,133.73
2022-06-09,COST,444.997,449.4818
2022-06-09,DIS,103.2876,100.1559
2022-06-09,GOOGL,115.231,113.7531
2022-06-09,INTC,38.6281,37.6862
2022-06-09,JNJ,157.1239,154.0207
2022-06-09,JPM,114.5903,112.7369
2022-06-09,KO,55.1512,54.2126
2022-06-09,LMT,396.2708,386.7086
2022-06-09,META,192.4369,182.2544
2022-06-09,MSFT,258.5993,255.7118
2022-06-09,NFLX,20.065,19.277
2022-06-09,NVDA,18.4092,17.9779
2022-06-09,PG,130.0948,127.4823
2022-06-09,TSLA,249.34,239.7067
2022-06-09,VZ,39.0051,38.4913
2022-06-09,XOM,89.8454,88.8985
2022-06-09,^GSPC,4101.6499,4017.8201
2022-06-10,AAPL,137.4009,134.3155
2022-06-10,AMD,98.82,94.82
2022-06-10,AMZN,113.42,109.65
2022-06-10,BA,130.27,127.0
2022-06-10,COST,442.7688,441.1596
2022-06-10,DIS,98.3428,96.3746
2022-06-10,GOOGL,111.3851,110.1137
2022-06-10,INTC,37.5355,36.9044
2022-06-10,JNJ,152.6552,152.9922
2022-06-10,JPM,110.2898,107.5549
2022-06-10,KO,53.5195,53.8704
2022-06-10,LMT,385.1714,384.4476
2022-06-10,META,181.3035,173.9044
2022-06-10,MSFT,251.6461,244.3163
2022-06-10,NFLX,18.264,18.294
2022-06-10,NVDA,17.5317,16.9081
2022-06-10,PG,126.0508,126.9992
2022-06-10,TSLA,235.1567,232.23
2022-06-10,VZ,38.2722,38.4006
2022-06-10,XOM,88.5597,87.2739
2022-06-10,^GSPC,3974.3899,3900.8601
2022-06-13,AAPL,130.143,129.1733
2022-06-13,AMD,91.26,86.99
2022-06-13,AMZN,104.19,103.67
2022-06-13,BA,123.0,115.86
2022-06-13,COST,428.486,430.6284
2022-06-13,DIS,94.6391,92.7969
2022-06-13,GOOGL,105.7799,105.3896
2022-06-13,INTC,36.311,35.5763
2022-06-13,JNJ,150.8021,151.4494
2022-06-13,JPM,105.1348,104.3521
2022-06-13,KO,53.2915,53.809
2022-06-13,LMT,379.2732,378.8532
2022-06-13,META,168.9716,162.7017
2022-06-13,MSFT,236.7065,233.9542
2022-06-13,NFLX,17.707,16.969
2022-06-13,NVDA,15.9379,15.5862
2022-06-13,PG,124.8073,123.5994
2022-06-13,TSLA,223.1667,215.7367
2022-06-13,VZ,38.2495,37.4712
2022-06-13,XOM,84.7198,83.269
2022-06-13,^GSPC,3838.1499,3749.6299
2022-06-14,AAPL,130.3977,130.0352
2022-06-14,AMD,87.41,86.99
2022-06-14,AMZN,104.19,102.31
2022-06-14,BA,116.65,122.16
2022-06-14,COST,430.6284,433.0565
2022-06-14,DIS,93.3398,91.3522
2022-06-14,GOOGL,105.5308,105.7096
2022-06-14,INTC,35.8023,35.727
2022-06-14,JNJ,151.671,149.1263
2022-06-14,JPM,103.9562,102.6157
2022-06-14,KO,53.6588,52.3335
2022-06-14,LMT,378.9247,371.9183
2022-06-14,META,164.4549,162.1767
2022-06-14,MSFT,235.4993,236.1077
2022-06-14,NFLX,16.975,16.754
2022-06-14,NVDA,15.6699,15.7745
2022-06-14,PG,123.0269,119.7434
2022-06-14,TSLA,218.2867,220.89
2022-06-14,VZ,37.4712,37.1463
2022-06-14,XOM,84.6242,83.4862
2022-06-14,^GSPC,3763.52,3735.48
2022-06-15,AAPL,131.5338,132.6505
2022-06-15,AMD,87.9,89.3
2022-06-15,AMZN,103.86,107.67
2022-06-15,BA,124.35,133.72
2022-06-15,COST,436.5796,436.8557
2022-06-15,DIS,91.7304,92.9617
2022-06-15,GOOGL,107.5219,108.7299
2022-06-15,INTC,36.3204,36.4052
2022-06-15,JNJ,150.412,150.7223
2022-06-15,JPM,104.0192,103.8303
2022-06-15,KO,53.0138,52.7222
2022-06-15,LMT,373.1605,370.0685
2022-06-15,META,165.6138,167.7434
2022-06-15,MSFT,239.7967,243.1284
2022-06-15,NFLX,16.926,18.011
2022-06-15,NVDA,16.0325,16.4628
2022-06-15,PG,120.2802,118.5535
2022-06-15,TSLA,220.9167,233.0
2022-06-15,VZ,37.1992,37.1387
2022-06-15,XOM,83.3906,82.435
2022-06-15,^GSPC,3764.05,3789.99
2022-06-16,AAPL,129.3692,127.3907
2022-06-16,AMD,86.63,82.05
2022-06-16,AMZN,104.47,103.66
2022-06-16,BA,131.7,133.36
2022-06-16,COST,428.7811,430.1618
2022-06-16,DIS,91.1486,91.4104
2022-06-16,GOOGL,106.2103,105.034
2022-06-16,INTC,35.5103,35.1712
2022-06-16,JNJ,149.3126,150.8022
2022-06-16,JPM,102.4358,102.0489
2022-06-16,KO,51.8122,52.1921
2022-06-16,LMT,366.7886,361.7483
2022-06-16,META,162.1668,159.3439
2022-06-16,MSFT,237.5466,236.5712
2022-06-16,NFLX,17.4,17.335
2022-06-16,NVDA,15.7984,15.5404
2022-06-16,PG,117.2293,119.2782
2022-06-16,TSLA,222.7367,213.1
2022-06-16,VZ,36.6627,36.9045
2022-06-16,XOM,80.2805,79.3944
2022-06-16,^GSPC,3728.1799,3666.77
2022-06-17,AAPL,127.4004,128.8598
2022-06-17,AMD,82.19,81.57
2022-06-17,AMZN,102.8,106.22
2022-06-17,BA,132.25,136.8
2022-06-17,COST,429.4858,425.3342
2022-06-17,DIS,91.1486,91.4686
2022-06-17,GOOGL,105.034,106.1336
2022-06-17,INTC,35.3031,34.8227
2022-06-17,JNJ,151.2898,150.2524
2022-06-17,JPM,102.1479,101.6891
2022-06-17,KO,52.7488,52.5102
2022-06-17,LMT,360.6581,361.0513
2022-06-17,META,160.1462,162.1866
2022-06-17,MSFT,236.3105,239.1594
2022-06-17,NFLX,17.363,17.551
2022-06-17,NVDA,15.5872,15.8183
2022-06-17,PG,118.5982,118.4193
2022-06-17,TSLA,213.4333,216.76
2022-06-17,VZ,36.7307,37.048
2022-06-17,XOM,79.0209,74.8162
2022-06-17,^GSPC,3665.8999,3674.8401
2022-06-21,AAPL,130.6817,133.0815
2022-06-21,AMD,84.17,83.79
2022-06-21,AMZN,108.2,108.68
2022-06-21,BA,139.17,136.75
2022-06-21,COST,429.0097,440.9692
2022-06-21,DIS,92.0115,90.4505
2022-06-21,GOOGL,107.9027,110.4926
2022-06-21,INTC,35.1901,35.5386
2022-06-21,JNJ,151.3962,153.4
2022-06-21,JPM,104.2441,104.2081
2022-06-21,KO,52.5632,53.6323
2022-06-21,LMT,368.1918,374.4117
2022-06-21,META,164.3558,155.5601
2022-06-21,MSFT,241.6799,245.0406
2022-06-21,NFLX,17.76,17.091
2022-06-21,NVDA,16.411,16.5017
2022-06-21,PG,120.4412,122.0069
2022-06-21,TSLA,224.6033,237.0367
2022-06-21,VZ,37.2596,38.2722
2022-06-21,XOM,76.9533,79.4726
2022-06-21,^GSPC,3715.3101,3764.79
2022-06-22,AAPL,132.0236,132.5721
2022-06-22,AMD,84.4,83.75
2022-06-22,AMZN,107.43,108.95
2022-06-22,BA,134.03,137.16
2022-06-22,COST,437.4271,437.9698
2022-06-22,DIS,89.3646,90.6542
2022-06-22,GOOGL,109.5144,110.4366
2022-06-22,INTC,35.1618,35.2089
2022-06-22,JNJ,152.5045,155.8206
2022-06-22,JPM,103.3535,103.6234
2022-06-22,KO,53.544,54.0299
2022-06-22,LMT,370.0326,371.2748
2022-06-22,META,156.8775,154.3715
2022-06-22,MSFT,243.254,244.4515
2022-06-22,NFLX,17.075,17.889
2022-06-22,NVDA,16.163,16.2965
2022-06-22,PG,121.3896,123.9126
2022-06-22,TSLA,234.5033,236.0867
2022-06-22,VZ,37.9775,38.3779
2022-06-22,XOM,76.0498,76.3278
2022-06-22,^GSPC,3733.8899,3759.8899
2022-06-23,AAPL,134.0119,135.4322
2022-06-23,AMD,84.32,82.43
2022-06-23,AMZN,110.39,112.44
2022-06-23,BA,136.42,133.97
2022-06-23,COST,444.0734,452.2908
2022-06-23,DIS,91.1002,91.4298
2022-06-23,GOOGL,111.1736,111.184
2022-06-23,INTC,35.4256,35.2372
2022-06-23,JNJ,156.9377,159.2962
2022-06-23,JPM,103.4704,102.4898
2022-06-23,KO,54.1625,54.6749
2022-06-23,LMT,371.2033,366.9584
2022-06-23,META,154.7875,157.244
2022-06-23,MSFT,246.8079,249.985
2022-06-23,NFLX,18.05,18.171
2022-06-23,NVDA,16.4549,16.162
2022-06-23,PG,124.4047,127.3123
2022-06-23,TSLA,237.9067,235.07
2022-06-23,VZ,38.5593,39.3602
2022-06-23,XOM,77.0227,74.0256
2022-06-23,^GSPC,3774.71,3795.73
2022-06-24,AAPL,137.0287,138.7526
2022-06-24,AMD,83.56,87.08
2022-06-24,AMZN,112.38,116.46
2022-06-24,BA,135.01,141.53
2022-06-24,COST,457.0518,461.2128
2022-06-24,DIS,92.5448,94.8039
2022-06-24,GOOGL,111.9299,116.863
2022-06-24,INTC,35.6516,36.3675
2022-06-24,JNJ,160.2893,161.6281
2022-06-24,JPM,101.869,105.5486
2022-06-24,KO,54.8782,55.6999
2022-06-24,LMT,371.6234,374.4832
2022-06-24,META,160.1957,168.5457
2022-06-24,MSFT,252.8339,258.522
2022-06-24,NFLX,18.35,19.085
2022-06-24,NVDA,16.4359,17.0595
2022-06-24,PG,129.0122,129.1465
2022-06-24,TSLA,237.47,245.7067
2022-06-24,VZ,39.3149,38.5064
2022-06-24,XOM,75.5372,75.4938
2022-06-24,^GSPC,3821.75,3911.74
2022-06-27,AAPL,139.7712,138.7526
2022-06-27,AMD,87.36,86.16
2022-06-27,AMZN,117.09,113.22
2022-06-27,BA,140.28,138.72
2022-06-27,COST,462.5839,458.718
2022-06-27,DIS,95.2305,93.6695
2022-06-27,GOOGL,117.1582,114.7417
2022-06-27,INTC,36.6124,36.3863
2022-06-27,JNJ,161.0518,161.4774
2022-06-27,JPM,106.2144,104.7029
2022-06-27,KO,55.6469,55.585
2022-06-27,LMT,374.4831,374.6708
2022-06-27,META,169.6947,167.8821
2022-06-27,MSFT,259.0145,255.8083
2022-06-27,NFLX,19.177,18.914
2022-06-27,NVDA,17.2448,16.8035
2022-06-27,PG,128.9407,128.1623
2022-06-27,TSLA,249.3667,244.92
2022-06-27,VZ,38.7558,38.5064
2022-06-27,XOM,76.2843,77.3442
2022-06-27,^GSPC,3920.76,3900.1101
2022-06-28,AAPL,139.2129,134.6192
2022-06-28,AMD,85.71,80.78
2022-06-28,AMZN,113.5,107.4
2022-06-28,BA,140.89,138.7
2022-06-28,COST,460.3843,446.2062
2022-06-28,DIS,96.7042,93.0005
2022-06-28,GOOGL,114.711,110.9517
2022-06-28,INTC,36.3392,35.5857
2022-06-28,JNJ,161.5218,156.8846
2022-06-28,JPM,105.8635,104.1991
2022-06-28,KO,55.7352,55.0284
2022-06-28,LMT,378.0221,375.9756
2022-06-28,META,168.2882,159.1556
2022-06-28,MSFT,254.9295,247.6866
2022-06-28,NFLX,18.92,17.96
2022-06-28,NVDA,16.8344,15.9199
2022-06-28,PG,128.4217,126.0777
2022-06-28,TSLA,244.4833,232.6633
2022-06-28,VZ,38.5895,38.1286
2022-06-28,XOM,79.1599,79.49
2022-06-28,^GSPC,3913.0,3821.55
2022-06-29,AAPL,134.6388,136.3725
2022-06-29,AMD,79.55,77.99
2022-06-29,AMZN,107.38,108.92
2022-06-29,BA,138.61,138.45
2022-06-29,COST,448.4344,447.3774
2022-06-29,DIS,93.0296,92.7387
2022-06-29,GOOGL,110.5005,110.6486
2022-06-29,INTC,35.3596,35.1242
2022-06-29,JNJ,157.1328,156.9289
2022-06-29,JPM,104.3611,103.7313
2022-06-29,KO,55.2581,55.426
2022-06-29,LMT,378.0757,374.3491
2022-06-29,META,162.0183,162.3847
2022-06-29,MSFT,248.7586,251.3371
2022-06-29,NFLX,17.955,17.836
2022-06-29,NVDA,15.7526,15.4816
2022-06-29,PG,126.6861,127.2229
2022-06-29,TSLA,230.5,228.49
2022-06-29,VZ,38.1437,38.4913
2022-06-29,XOM,80.7757,76.5536
2022-06-29,^GSPC,3825.0901,3818.8301
2022-06-30,AAPL,134.4331,133.914
2022-06-30,AMD,77.73,76.47
2022-06-30,AMZN,108.11,106.21
2022-06-30,BA,134.3,136.72
2022-06-30,COST,445.9111,456.3661
2022-06-30,DIS,91.5461,91.5268
2022-06-30,GOOGL,108.9631,107.9359
2022-06-30,INTC,35.0488,35.2372
2022-06-30,JNJ,156.8136,157.39
2022-06-30,JPM,101.815,101.3112
2022-06-30,KO,55.0637,55.585
2022-06-30,LMT,373.6967,384.242
2022-06-30,META,160.6117,159.7202
2022-06-30,MSFT,248.2371,248.0246
2022-06-30,NFLX,17.707,17.487
2022-06-30,NVDA,15.3014,15.1001
2022-06-30,PG,126.7666,128.6454
2022-06-30,TSLA,224.51,224.4733
2022-06-30,VZ,38.2873,38.3477
2022-06-30,XOM,74.8335,74.3992
2022-06-30,^GSPC,3785.99,3785.3799
2022-07-01,AAPL,133.2479,136.0786
2022-07-01,AMD,75.19,73.67
2022-07-01,AMZN,106.29,109.56
2022-07-01,BA,135.88,139.84
2022-07-01,COST,458.1753,462.5363
2022-07-01,DIS,91.3716,93.2138
2022-07-01,GOOGL,106.9156,107.7125
2022-07-01,INTC,34.9358,34.2293
2022-07-01,JNJ,157.3368,159.1721
2022-07-01,JPM,101.3472,102.6067
2022-07-01,KO,55.7705,56.8838
2022-07-01,LMT,384.0454,387.4234
2022-07-01,META,158.7892,158.5119
2022-07-01,MSFT,247.5998,250.6804
2022-07-01,NFLX,17.649,17.995
2022-07-01,NVDA,14.8411,14.4666
2022-07-01,PG,129.048,130.7211
2022-07-01,TSLA,227.0,227.2633
2022-07-01,VZ,38.5064,39.0202
2022-07-01,XOM,75.3548,76.0584
2022-07-01,^GSPC,3781.0,3825.3301
2022-07-05,AAPL,134.9424,138.6546
2022-07-05,AMD,71.98,75.2
2022-07-05,AMZN,107.6,113.5
2022-07-05,BA,136.25,137.7
2022-07-05,COST,462.3459,464.9168
2022-07-05,DIS,91.391,94.2221
2022-07-05,GOOGL,106.091,112.1954
2022-07-05,INTC,33.8431,34.559
2022-07-05,JNJ,158.5604,157.9486
2022-07-05,JPM,100.5373,102.2164
2022-07-05,KO,56.7071,55.9119
2022-07-05,LMT,379.6217,371.0961
2022-07-05,META,156.6398,166.5944
2022-07-05,MSFT,247.3776,253.8383
2022-07-05,NFLX,17.628,18.588
2022-07-05,NVDA,14.12,14.9059
2022-07-05,PG,129.3522,129.4596
2022-07-05,TSLA,223.0,233.0667
2022-07-05,VZ,38.854,38.854
2022-07-05,XOM,75.0073,73.6781
2022-07-05,^GSPC,3792.6101,3831.3899
2022-07-06,AAPL,138.449,139.9867
2022-07-06,AMD,75.17,75.35
2022-07-06,AMZN,113.21,114.33
2022-07-06,BA,137.54,136.31
2022-07-06,COST,464.9168,469.0969
2022-07-06,DIS,94.5615,93.1556
2022-07-06,GOOGL,112.234,113.492
2022-07-06,INTC,34.6815,34.8416
2022-07-06,JNJ,157.8865,158.0904
2022-07-06,JPM,101.4087,101.5539
2022-07-06,KO,56.1947,56.0268
2022-07-06,LMT,372.5706,380.6047
2022-07-06,META,166.6043,168.1594
2022-07-06,MSFT,254.7074,257.083
2022-07-06,NFLX,18.52,18.406
2022-07-06,NVDA,14.9517,15.0712
2022-07-06,PG,130.1843,130.6674
2022-07-06,TSLA,230.78,231.7333
2022-07-06,VZ,38.854,38.922
2022-07-06,XOM,72.7659,72.3489
2022-07-06,^GSPC,3831.98,3845.0801
2022-07-07,AAPL,140.3491,143.3463
2022-07-07,AMD,77.19,79.3
2022-07-07,AMZN,113.85,116.33
2022-07-07,BA,137.93,139.97
2022-07-07,COST,468.5351,471.287
2022-07-07,DIS,93.9507,94.4645
2022-07-07,GOOGL,113.9952,117.6633
2022-07-07,INTC,35.6893,35.9248
2022-07-07,JNJ,157.7003,158.2677
2022-07-07,JPM,103.0152,104.1225
2022-07-07,KO,55.8942,55.585
2022-07-07,LMT,379.3447,377.2982
2022-07-07,META,167.8425,170.5565
2022-07-07,MSFT,256.0304,259.198
2022-07-07,NFLX,18.427,18.927
2022-07-07,NVDA,15.396,15.7964
2022-07-07,PG,129.9874,130.6227
2022-07-07,TSLA,233.92,244.5433
2022-07-07,VZ,38.9908,38.7996
2022-07-07,XOM,74.1733,74.6598
2022-07-07,^GSPC,3858.8501,3902.6201
2022-07-08,AAPL,142.2787,144.0222
2022-07-08,AMD,78.31,79.35
2022-07-08,AMZN,114.6,115.54
2022-07-08,BA,139.7,139.07
2022-07-08,COST,473.5437,477.5619
2022-07-08,DIS,93.6307,92.9423
2022-07-08,GOOGL,116.1448,118.2285
2022-07-08,INTC,35.4727,35.7835
2022-07-08,JNJ,158.117,158.0727
2022-07-08,JPM,104.5218,103.7957
2022-07-08,KO,55.691,55.7882
2022-07-08,LMT,380.292,375.6539
2022-07-08,META,168.3674,169.2589
2022-07-08,MSFT,255.7118,258.4834
2022-07-08,NFLX,18.602,18.698
2022-07-08,NVDA,15.3701,15.7765
2022-07-08,PG,130.6137,129.7459
2022-07-08,TSLA,242.3333,250.7633
2022-07-08,VZ,38.6542,38.6312
2022-07-08,XOM,75.5372,74.7814
2022-07-08,^GSPC,3888.26,3899.3799
2022-07-11,AAPL,142.6803,141.8967
2022-07-11,AMD,77.85,76.95
2022-07-11,AMZN,114.08,111.75
2022-07-11,BA,137.77,136.99
2022-07-11,COST,477.162,475.0481
2022-07-11,DIS,92.1085,90.7899
2022-07-11,GOOGL,116.8857,114.5861
2022-07-11,INTC,35.4727,35.0394
2022-07-11,JNJ,157.5584,158.1348
2022-07-11,JPM,103.0605,102.4343
2022-07-11,KO,55.6557,55.6115
2022-07-11,LMT,373.4644,374.51
2022-07-11,META,165.485,161.3348
2022-07-11,MSFT,256.5422,255.4413
2022-07-11,NFLX,18.473,17.734
2022-07-11,NVDA,15.4657,15.0932
2022-07-11,PG,129.8622,130.6584
2022-07-11,TSLA,252.1033,234.3433
2022-07-11,VZ,38.5394,38.6389
2022-07-11,XOM,73.9909,74.3992
2022-07-11,^GSPC,3880.9399,3854.4299
2022-07-12,AAPL,142.7684,142.8664
2022-07-12,AMD,76.98,76.36
2022-07-12,AMZN,112.16,109.22
2022-07-12,BA,136.86,147.15
2022-07-12,COST,473.2485,467.1164
2022-07-12,DIS,90.7317,90.7511
2022-07-12,GOOGL,115.1196,112.9458
2022-07-12,INTC,35.4632,35.0488
2022-07-12,JNJ,157.8067,155.9181
2022-07-12,JPM,102.1801,102.5341
2022-07-12,KO,55.6645,55.3729
2022-07-12,LMT,374.8674,369.9701
2022-07-12,META,163.2366,161.7211
2022-07-12,MSFT,256.7643,244.9729
2022-07-12,NFLX,17.733,17.445
2022-07-12,NVDA,15.2087,15.0234
2022-07-12,PG,130.4974,129.5043
2022-07-12,TSLA,236.8467,233.07
2022-07-12,VZ,38.7537,38.8531
2022-07-12,XOM,72.7833,73.4088
2022-07-12,^GSPC,3851.95,3818.8
2022-07-13,AAPL,140.0553,142.504
2022-07-13,AMD,74.94,77.52
2022-07-13,AMZN,107.03,110.4
2022-07-13,BA,142.79,143.95
2022-07-13,COST,461.1651,468.6874
2022-07-13,DIS,89.3162,90.1112
2022-07-13,GOOGL,110.6481,110.3039
2022-07-13,INTC,34.5496,35.0488
2022-07-13,JNJ,155.7497,155.5546
2022-07-13,JPM,101.4268,101.572
2022-07-13,KO,55.0725,55.1167
2022-07-13,LMT,365.6091,364.6171
2022-07-13,META,158.6406,161.939
2022-07-13,MSFT,241.6123,244.0555
2022-07-13,NFLX,17.05,17.656
2022-07-13,NVDA,14.5333,15.1051
2022-07-13,PG,129.2001,130.3542
2022-07-13,TSLA,225.5,237.04
2022-07-13,VZ,38.593,38.6465
2022-07-13,XOM,72.4358,73.7041
2022-07-13,^GSPC,3779.6699,3801.78
2022-07-14,AAPL,141.1229,145.4228
2022-07-14,AMD,78.23,78.6
2022-07-14,AMZN,110.24,110.63
2022-07-14,BA,141.11,147.15
2022-07-14,COST,472.3724,487.4647
2022-07-14,DIS,88.6956,89.0447
2022-07-14,GOOGL,109.1717,109.3272
2022-07-14,INTC,34.8416,35.5198
2022-07-14,JNJ,152.9744,155.7674
2022-07-14,JPM,98.0141,98.0232
2022-07-14,KO,54.189,54.94
2022-07-14,LMT,360.3185,357.7447
2022-07-14,META,159.6905,156.5506
2022-07-14,MSFT,241.9793,245.3689
2022-07-14,NFLX,17.556,17.478
2022-07-14,NVDA,15.0493,15.3123
2022-07-14,PG,128.6186,129.9696
2022-07-14,TSLA,234.8967,238.3133
2022-07-14,VZ,38.1951,38.6312
2022-07-14,XOM,71.1066,72.2273
2022-07-14,^GSPC,3763.99,3790.3799
2022-07-15,AAPL,146.706,147.088
2022-07-15,AMD,79.36,81.11
2022-07-15,AMZN,112.5,113.55
2022-07-15,BA,149.17,147.74
2022-07-15,COST,492.2066,497.9484
2022-07-15,DIS,90.0821,92.3024
2022-07-15,GOOGL,110.9448,110.7239
2022-07-15,INTC,36.0472,36.3769
2022-07-15,JNJ,157.5673,158.0283
2022-07-15,JPM,99.0761,102.516
2022-07-15,KO,55.4436,55.2227
2022-07-15,LMT,360.7832,356.02
2022-07-15,META,159.017,163.1375
2022-07-15,MSFT,246.9527,247.9184
2022-07-15,NFLX,17.558,18.911
2022-07-15,NVDA,15.5982,15.7008
2022-07-15,PG,130.0321,129.7906
2022-07-15,TSLA,240.0,240.0667
2022-07-15,VZ,39.0215,39.0368
2022-07-15,XOM,73.6694,73.4435
2022-07-15,^GSPC,3818.0,3863.1599
2022-07-18,AAPL,147.6462,144.0516
2022-07-18,AMD,82.21,81.43
2022-07-18,AMZN,115.0,113.76
2022-07-18,BA,153.31,147.72
2022-07-18,COST,496.9104,491.6162
2022-07-18,DIS,93.4271,92.7872
2022-07-18,GOOGL,111.5782,108.0023
2022-07-18,INTC,36.829,36.4617
2022-07-18,JNJ,157.5939,154.4817
2022-07-18,JPM,104.1678,101.4631
2022-07-18,KO,55.2404,54.4717
2022-07-18,LMT,357.4409,346.1002
2022-07-18,META,165.1681,165.6435
2022-07-18,MSFT,250.8445,245.5331
2022-07-18,NFLX,19.25,19.092
2022-07-18,NVDA,16.2387,16.0385
2022-07-18,PG,129.6743,128.216
2022-07-18,TSLA,244.9367,240.5467
2022-07-18,VZ,39.0674,38.4706
2022-07-18,XOM,75.2158,74.7988
2022-07-18,^GSPC,3883.79,3830.8501
2022-07-19,AAPL,144.8841,147.9009
2022-07-19,AMD,82.76,85.88
2022-07-19,AMZN,115.7,118.21
2022-07-19,BA,149.61,156.13
2022-07-19,COST,497.4341,495.3584
2022-07-19,DIS,93.7374,96.5782
2022-07-19,GOOGL,109.8051,112.7372
2022-07-19,INTC,37.0362,37.884
2022-07-19,JNJ,156.3437,152.2296
2022-07-19,JPM,102.6793,103.9772
2022-07-19,KO,54.8605,55.2493
2022-07-19,LMT,338.5398,348.8706
2022-07-19,META,168.7537,174.1124
2022-07-19,MSFT,248.7489,250.6321
2022-07-19,NFLX,19.302,20.163
2022-07-19,NVDA,16.422,16.926
2022-07-19,PG,129.3433,128.8691
2022-07-19,TSLA,245.0,245.53
2022-07-19,VZ,38.6236,38.6006
2022-07-19,XOM,75.0768,76.6839
2022-07-19,^GSPC,3860.73,3936.6899
2022-07-20,AAPL,148.0184,149.899
2022-07-20,AMD,85.39,89.43
2022-07-20,AMZN,118.62,122.77
2022-07-20,BA,156.0,158.38
2022-07-20,COST,496.3391,499.1385
2022-07-20,DIS,97.1987,100.2044
2022-07-20,GOOGL,112.1033,112.8264
2022-07-20,INTC,37.8745,38.2042
2022-07-20,JNJ,152.6818,151.3607
2022-07-20,JPM,103.5597,103.9591
2022-07-20,KO,55.1344,54.3392
2022-07-20,LMT,349.1209,353.196
2022-07-20,META,175.8062,181.353
2022-07-20,MSFT,250.9893,253.2781
2022-07-20,NFLX,20.817,21.644
2022-07-20,NVDA,16.8812,17.7379
2022-07-20,PG,128.8333,126.6413
2022-07-20,TSLA,246.7833,247.5
2022-07-20,VZ,38.6159,37.5448
2022-07-20,XOM,76.0845,77.5266
2022-07-20,^GSPC,3935.3201,3959.8999
2022-07-21,AAPL,151.3291,152.1616
2022-07-21,AMD,89.6,91.09
2022-07-21,AMZN,123.2,124.63
2022-07-21,BA,158.89,161.41
2022-07-21,COST,498.9862,504.1471
2022-07-21,DIS,99.5838,101.0091
2022-07-21,GOOGL,113.2028,113.2622
2022-07-21,INTC,38.1571,38.2513
2022-07-21,JNJ,150.7756,151.8927
2022-07-21,JPM,103.8683,104.667
2022-07-21,KO,54.1271,54.2155
2022-07-21,LMT,352.3916,353.178
2022-07-21,META,178.9164,181.4323
2022-07-21,MSFT,250.8832,255.76
2022-07-21,NFLX,21.43,22.388
2022-07-21,NVDA,17.8155,17.9799
2022-07-21,PG,126.608,126.7611
2022-07-21,TSLA,255.1067,271.7067
2022-07-21,VZ,36.443,36.4659
2022-07-21,XOM,75.5198,76.2322
2022-07-21,^GSPC,3955.47,3998.95
2022-07-22,AAPL,152.2008,150.9275
2022-07-22,AMD,90.2,88.1
2022-07-22,AMZN,125.01,122.42
2022-07-22,BA,161.8,158.16
2022-07-22,COST,505.3373,504.3946
2022-07-22,DIS,100.1365,99.5935
2022-07-22,GOOGL,109.9537,106.8829
2022-07-22,INTC,38.0253,36.9232
2022-07-22,JNJ,152.1499,152.6109
2022-07-22,JPM,104.5944,104.1588
2022-07-22,KO,54.2331,54.4187
2022-07-22,LMT,357.4231,352.767
2022-07-22,META,171.4281,167.6641
2022-07-22,MSFT,256.1463,251.4336
2022-07-22,NFLX,22.238,22.044
2022-07-22,NVDA,17.8235,17.2517
2022-07-22,PG,126.7521,128.7872
2022-07-22,TSLA,276.22,272.2433
2022-07-22,VZ,35.1576,34.0099
2022-07-22,XOM,76.0585,75.6501
2022-07-22,^GSPC,3998.4299,3961.6299
2022-07-25,AAPL,150.8491,149.8109
2022-07-25,AMD,86.57,87.54
2022-07-25,AMZN,122.7,121.14
2022-07-25,BA,156.94,156.64
2022-07-25,COST,506.0133,503.8423
2022-07-25,DIS,99.6517,99.5644
2022-07-25,GOOGL,107.3881,106.4966
2022-07-25,INTC,36.9986,36.8855
2022-07-25,JNJ,152.6109,152.9123
2022-07-25,JPM,105.139,104.5762
2022-07-25,KO,54.3834,54.9488
2022-07-25,LMT,352.4363,357.2889
2022-07-25,META,167.3967,165.069
2022-07-25,MSFT,252.0517,249.9561
2022-07-25,NFLX,22.131,21.851
2022-07-25,NVDA,16.9529,16.9579
2022-07-25,PG,128.5891,129.6607
2022-07-25,TSLA,272.2167,268.4333
2022-07-25,VZ,33.9563,34.2471
2022-07-25,XOM,76.5884,78.1695
2022-07-25,^GSPC,3965.72,3966.8401
2022-07-26,AAPL,149.135,148.4886
2022-07-26,AMD,87.0,85.25
2022-07-26,AMZN,115.79,114.81
2022-07-26,BA,155.24,155.92
2022-07-26,COST,490.3784,487.4552
2022-07-26,DIS,99.0312,96.743
2022-07-26,GOOGL,105.5952,104.0301
2022-07-26,INTC,36.829,36.6972
2022-07-26,JNJ,153.001,153.9941
2022-07-26,JPM,103.9954,102.9425
2022-07-26,KO,55.4436,55.8501
2022-07-26,LMT,357.6285,354.6168
2022-07-26,META,164.3657,157.6402
2022-07-26,MSFT,250.9507,243.2637
2022-07-26,NFLX,21.666,21.391
2022-07-26,NVDA,16.8234,16.4688
2022-07-26,PG,128.4901,129.9128
2022-07-26,TSLA,266.5133,258.86
2022-07-26,VZ,34.0481,34.3695
2022-07-26,XOM,79.1685,77.8654
2022-07-26,^GSPC,3953.22,3921.05
2022-07-27,AAPL,149.4485,153.5721
2022-07-27,AMD,86.94,89.82
2022-07-27,AMZN,117.31,120.97
2022-07-27,BA,161.12,156.09
2022-07-27,COST,488.5692,497.3389
2022-07-27,DIS,97.8968,100.3498
2022-07-27,GOOGL,108.2301,111.9943
2022-07-27,INTC,36.9891,37.8463
2022-07-27,JNJ,153.0631,153.5685
2022-07-27,JPM,103.478,104.5944
2022-07-27,KO,55.5585,55.6734
2022-07-27,LMT,355.4927,356.1629
2022-07-27,META,161.0475,167.9712
2022-07-27,MSFT,252.2062,259.5263
2022-07-27,NFLX,21.648,22.675
2022-07-27,NVDA,16.9659,17.7209
2022-07-27,PG,129.5616,131.1465
2022-07-27,TSLA,263.81,274.82
2022-07-27,VZ,34.2853,34.3618
2022-07-27,XOM,78.4301,79.5508
2022-07-27,^GSPC,3951.4299,4023.6101
2022-07-28,AAPL,153.7582,154.1206
2022-07-28,AMD,90.42,91.67
2022-07-28,AMZN,121.57,122.28
2022-07-28,BA,154.02,159.09
2022-07-28,COST,496.2611,511.4271
2022-07-28,DIS,100.1074,101.7072
2022-07-28,GOOGL,111.3108,113.1434
2022-07-28,INTC,37.7615,37.4036
2022-07-28,JNJ,153.7458,154.4551
2022-07-28,JPM,104.6035,104.2042
2022-07-28,KO,55.5938,56.6011
2022-07-28,LMT,356.7081,362.9012
2022-07-28,META,159.532,159.1953
2022-07-28,MSFT,260.5017,266.9333
2022-07-28,NFLX,22.46,22.602
2022-07-28,NVDA,17.9052,17.9142
2022-07-28,PG,131.5967,133.3256
2022-07-28,TSLA,280.0667,280.9
2022-07-28,VZ,34.3083,34.8515
2022-07-28,XOM,80.0807,80.4803
2022-07-28,^GSPC,4026.1299,4072.4299
2022-07-29,AAPL,157.9307,159.1747
2022-07-29,AMD,90.7,94.47
2022-07-29,AMZN,134.9,134.95
2022-07-29,BA,157.95,159.31
2022-07-29,COST,507.44,516.3106
2022-07-29,DIS,101.9399,102.8706
2022-07-29,GOOGL,112.0141,115.2236
2022-07-29,INTC,33.5323,34.2011
2022-07-29,JNJ,154.0916,154.7389
2022-07-29,JPM,104.9121,104.7033
2022-07-29,KO,56.2919,56.6983
2022-07-29,LMT,363.2676,369.8093
2022-07-29,META,156.194,157.5907
2022-07-29,MSFT,268.1791,271.1149
2022-07-29,NFLX,22.329,22.49
2022-07-29,NVDA,17.7438,18.0925
2022-07-29,PG,127.3554,125.0862
2022-07-29,TSLA,280.7,297.15
2022-07-29,VZ,34.9739,35.3412
2022-07-29,XOM,82.0528,84.2073
2022-07-29,^GSPC,4087.3301,4130.29
2022-08-01,AAPL,157.7055,158.1952
2022-08-01,AMD,95.59,96.78
2022-08-01,AMZN,134.96,135.39
2022-08-01,BA,165.95,169.07
2022-08-01,COST,516.4253,521.5665
2022-08-01,DIS,101.6781,102.987
2022-08-01,GOOGL,114.2132,113.7773
2022-08-01,INTC,33.9562,34.8133
2022-08-01,JNJ,154.4286,154.198
2022-08-01,JPM,103.9228,103.6596
2022-08-01,KO,56.6276,57.0075
2022-08-01,LMT,373.7683,374.6977
2022-08-01,META,155.7582,158.4128
2022-08-01,MSFT,268.295,268.4785
2022-08-01,NFLX,22.31,22.621
2022-08-01,NVDA,18.1114,18.3694
2022-08-01,PG,124.5729,128.6791
2022-08-01,TSLA,301.2767,297.2767
2022-08-01,VZ,35.4177,35.3948
2022-08-01,XOM,82.3481,82.0788
2022-08-01,^GSPC,4112.3799,4118.6299
2022-08-02,AAPL,156.8141,156.726
2022-08-02,AMD,95.71,99.29
2022-08-02,AMZN,134.72,134.16
2022-08-02,BA,167.0,163.28
2022-08-02,COST,518.9147,518.371
2022-08-02,DIS,102.5216,101.523
2022-08-02,GOOGL,112.9254,114.0448
2022-08-02,INTC,34.4648,33.9185
2022-08-02,JNJ,155.1733,153.3202
2022-08-02,JPM,103.3963,102.044
2022-08-02,KO,57.0694,56.23
2022-08-02,LMT,379.8184,383.1875
2022-08-02,META,156.8081,158.6703
2022-08-02,MSFT,266.5373,265.3977
2022-08-02,NFLX,22.276,22.142
2022-08-02,NVDA,18.0516,18.4541
2022-08-02,PG,128.8682,127.8237
2022-08-02,TSLA,294.0033,300.5867
2022-08-02,VZ,35.3871,34.6908
2022-08-02,XOM,82.2613,81.7226
2022-08-02,^GSPC,4104.21,4091.1899
2022-08-03,AAPL,157.5389,162.7204
2022-08-03,AMD,94.83,98.09
2022-08-03,AMZN,136.21,139.52
2022-08-03,BA,164.51,166.64
2022-08-03,COST,519.8399,521.7571
2022-08-03,DIS,102.5119,105.7018
2022-08-03,GOOGL,114.6193,116.967
2022-08-03,INTC,33.9938,34.3989
2022-08-03,JNJ,152.9922,154.8009
2022-08-03,JPM,102.9698,103.115
2022-08-03,KO,56.1505,56.4774
2022-08-03,LMT,381.838,383.6522
2022-08-03,META,161.1466,167.1986
2022-08-03,MSFT,267.2714,272.7856
2022-08-03,NFLX,22.479,22.673
2022-08-03,NVDA,18.1134,18.8196
2022-08-03,PG,127.5625,130.4621
2022-08-03,TSLA,305.0,307.3967
2022-08-03,VZ,34.7827,34.6832
2022-08-03,XOM,82.0267,79.073
2022-08-03,^GSPC,4107.96,4155.1699
2022-08-04,AAPL,162.6029,162.407
2022-08-04,AMD,97.5,103.91
2022-08-04,AMZN,140.58,142.57
2022-08-04,BA,165.77,166.5
2022-08-04,COST,521.7476,518.1993
2022-08-04,DIS,105.6048,104.8292
2022-08-04,GOOGL,116.3726,117.076
2022-08-04,INTC,34.2609,33.9279
2022-08-04,JNJ,154.996,152.3183
2022-08-04,JPM,102.4252,101.9805
2022-08-04,KO,56.23,56.2565
2022-08-04,LMT,384.9123,382.6066
2022-08-04,META,166.7034,168.9518
2022-08-04,MSFT,272.1385,273.925
2022-08-04,NFLX,22.768,22.991
2022-08-04,NVDA,18.7758,19.1404
2022-08-04,PG,130.4351,130.255
2022-08-04,TSLA,311.0,308.6333
2022-08-04,VZ,34.599,33.9946
2022-08-04,XOM,78.4562,75.7457
2022-08-04,^GSPC,4154.8501,4151.9399
2022-08-05,AAPL,160.0823,162.1813
2022-08-05,AMD,101.05,102.31
2022-08-05,AMZN,140.1,140.8
2022-08-05,BA,164.4,165.04
2022-08-05,COST,512.438,515.7097
2022-08-05,DIS,103.559,103.3845
2022-08-05,GOOGL,115.1344,116.3627
2022-08-05,INTC,33.633,33.671
2022-08-05,JNJ,151.8839,151.7154
2022-08-05,JPM,102.1348,105.0664
2022-08-05,KO,56.2212,56.0003
2022-08-05,LMT,380.0418,381.0695
2022-08-05,META,165.4058,165.5247
2022-08-05,MSFT,269.5794,273.2105
2022-08-05,NFLX,22.53,22.678
2022-08-05,NVDA,18.737,18.9153
2022-08-05,PG,129.4445,130.318
2022-08-05,TSLA,302.67,288.17
2022-08-05,VZ,34.0328,34.3924
2022-08-05,XOM,75.0246,76.8403
2022-08-05,^GSPC,4115.8701,4145.1899
2022-08-08,AAPL,163.1818,161.7105
2022-08-08,AMD,100.06,100.07
2022-08-08,AMZN,142.05,139.41
2022-08-08,BA,166.41,165.89
2022-08-08,COST,518.7335,516.8831
2022-08-08,DIS,104.9164,105.789
2022-08-08,GOOGL,117.2741,116.1943
2022-08-08,INTC,33.6425,33.6615
2022-08-08,JNJ,151.8839,150.9086
2022-08-08,JPM,105.5111,103.7866
2022-08-08,KO,56.1063,55.638
2022-08-08,LMT,382.0436,378.7906
2022-08-08,META,166.4062,168.6348
2022-08-08,MSFT,274.3114,270.7093
2022-08-08,NFLX,22.749,23.349
2022-08-08,NVDA,17.434,17.7239
2022-08-08,PG,130.5972,130.8133
2022-08-08,TSLA,295.0,290.4233
2022-08-08,VZ,34.3924,34.0787
2022-08-08,XOM,76.9793,77.2747
2022-08-08,^GSPC,4155.9302,4140.0601
2022-08-09,AAPL,160.8769,161.7596
2022-08-09,AMD,97.95,95.54
2022-08-09,AMZN,138.05,137.83
2022-08-09,BA,166.51,164.85
2022-08-09,COST,518.5427,511.0837
2022-08-09,DIS,105.8957,104.8389
2022-08-09,GOOGL,116.0358,115.5306
2022-08-09,INTC,33.5093,32.8433
2022-08-09,JNJ,151.21,150.8908
2022-08-09,JPM,104.1497,104.7215
2022-08-09,KO,55.8236,55.7087
2022-08-09,LMT,381.5521,382.9819
2022-08-09,META,167.3472,166.9312
2022-08-09,MSFT,270.0526,272.6214
2022-08-09,NFLX,23.162,22.994
2022-08-09,NVDA,17.185,17.0197
2022-08-09,PG,131.0834,130.5071
2022-08-09,TSLA,290.2933,283.3333
2022-08-09,VZ,34.1323,34.1859
2022-08-09,XOM,78.2303,78.6994
2022-08-09,^GSPC,4133.1099,4122.4702
2022-08-10,AAPL,164.4667,165.9968
2022-08-10,AMD,98.45,99.05
2022-08-10,AMZN,142.9,142.69
2022-08-10,BA,168.35,169.02
2022-08-10,COST,519.3438,514.899
2022-08-10,DIS,109.0565,109.008
2022-08-10,GOOGL,117.6604,118.5717
2022-08-10,INTC,33.2905,33.652
2022-08-10,JNJ,151.6356,151.3253
2022-08-10,JPM,107.0632,107.4534
2022-08-10,KO,56.2212,56.2388
2022-08-10,LMT,384.3403,384.2688
2022-08-10,META,174.3204,176.6481
2022-08-10,MSFT,278.2901,279.2461
2022-08-10,NFLX,23.699,24.411
2022-08-10,NVDA,17.6293,18.0267
2022-08-10,PG,131.3716,131.7408
2022-08-10,TSLA,297.0667,294.3567
2022-08-10,VZ,34.4383,34.3083
2022-08-10,XOM,78.7776,79.4465
2022-08-10,^GSPC,4181.02,4210.2402
2022-08-11,AAPL,166.8011,165.2612
2022-08-11,AMD,99.93,98.12
2022-08-11,AMZN,143.86,140.64
2022-08-11,BA,170.5,167.88
2022-08-11,COST,518.1612,507.6309
2022-08-11,DIS,118.4903,114.1079
2022-08-11,GOOGL,120.1368,117.7198
2022-08-11,INTC,33.9089,33.8613
2022-08-11,JNJ,149.419,148.1954
2022-08-11,JPM,108.8239,109.0418
2022-08-11,KO,56.2742,55.8589
2022-08-11,LMT,383.5985,383.25
2022-08-11,META,178.0051,175.8062
2022-08-11,MSFT,280.8783,277.1796
2022-08-11,NFLX,24.468,24.27
2022-08-11,NVDA,18.0606,17.8723
2022-08-11,PG,132.2,130.8043
2022-08-11,TSLA,296.5133,286.63
2022-08-11,VZ,34.4001,34.2624
2022-08-11,XOM,80.5606,81.7448
2022-08-11,^GSPC,4227.3999,4207.27
2022-08-12,AAPL,166.5657,168.802
2022-08-12,AMD,99.2,100.83
2022-08-12,AMZN,142.05,143.55
2022-08-12,BA,168.39,169.99
2022-08-12,COST,511.4271,512.4096
2022-08-12,DIS,115.378,117.8698
2022-08-12,GOOGL,119.1264,120.5331
2022-08-12,INTC,34.0611,34.3561
2022-08-12,JNJ,148.55,146.5639
2022-08-12,JPM,109.5228,110.8479
2022-08-12,KO,56.0445,56.283
2022-08-12,LMT,383.2947,388.0669
2022-08-12,META,179.0947,178.7876
2022-08-12,MSFT,278.5896,281.9019
2022-08-12,NFLX,24.481,24.93
2022-08-12,NVDA,18.0895,18.6364
2022-08-12,PG,131.3896,132.074
2022-08-12,TSLA,289.4167,300.03
2022-08-12,VZ,34.3924,34.5455
2022-08-12,XOM,81.122,82.4553
2022-08-12,^GSPC,4225.02,4280.1499
2022-08-15,AAPL,168.2331,169.8711
2022-08-15,AMD,100.51,101.01
2022-08-15,AMZN,142.8,143.18
2022-08-15,BA,169.29,170.47
2022-08-15,COST,511.6368,520.5552
2022-08-15,DIS,117.3171,120.4779
2022-08-15,GOOGL,119.9882,120.9293
2022-08-15,INTC,34.3465,34.5749
2022-08-15,JNJ,147.1846,147.2644
2022-08-15,JPM,109.9494,111.1475
2022-08-15,KO,56.23,56.9899
2022-08-15,LMT,386.6728,391.436
2022-08-15,META,177.2623,179.1739
2022-08-15,MSFT,281.0231,283.4084
2022-08-15,NFLX,24.811,24.911
2022-08-15,NVDA,18.6284,18.9581
2022-08-15,PG,132.2541,133.7759
2022-08-15,TSLA,301.7867,309.32
2022-08-15,VZ,34.4536,34.8592
2022-08-15,XOM,79.4115,80.9816
2022-08-15,^GSPC,4269.3701,4297.1401
2022-08-16,AAPL,169.4689,169.7142
2022-08-16,AMD,100.84,100.2
2022-08-16,AMZN,143.91,144.78
2022-08-16,BA,170.0,172.08
2022-08-16,COST,525.6583,527.4897
2022-08-16,DIS,120.9336,121.1566
2022-08-16,GOOGL,120.3745,120.5528
2022-08-16,INTC,34.4036,34.4322
2022-08-16,JNJ,147.0604,148.5766
2022-08-16,JPM,110.9931,112.2094
2022-08-16,KO,57.0517,57.4582
2022-08-16,LMT,390.462,393.3575
2022-08-16,META,177.7377,177.7674
2022-08-16,MSFT,281.9792,282.6745
2022-08-16,NFLX,24.716,24.569
2022-08-16,NVDA,18.8465,18.8057
2022-08-16,PG,133.5958,135.0095
2022-08-16,TSLA,311.6667,306.5633
2022-08-16,VZ,34.8133,35.0428
2022-08-16,XOM,80.7272,80.2272
2022-08-16,^GSPC,4290.46,4305.2002
2022-08-17,AAPL,169.4592,171.2051
2022-08-17,AMD,99.26,98.27
2022-08-17,AMZN,142.69,142.1
2022-08-17,BA,169.61,167.2
2022-08-17,COST,524.609,530.6373
2022-08-17,DIS,119.6926,119.0721
2022-08-17,GOOGL,118.9878,118.4231
2022-08-17,INTC,34.0706,34.0421
2022-08-17,JNJ,147.5481,148.5855
2022-08-17,JPM,111.0022,111.2654
2022-08-17,KO,57.2814,57.3256
2022-08-17,LMT,389.7559,394.6353
2022-08-17,META,175.0831,173.1912
2022-08-17,MSFT,280.4002,281.9293
2022-08-17,NFLX,24.118,24.115
2022-08-17,NVDA,18.4511,18.2638
2022-08-17,PG,134.2621,134.3882
2022-08-17,TSLA,303.3967,303.9967
2022-08-17,VZ,34.7597,34.6908
2022-08-17,XOM,80.0606,80.8763
2022-08-17,^GSPC,4280.3999,4274.04
2022-08-18,AAPL,170.4204,170.8127
2022-08-18,AMD,97.74,100.44
2022-08-18,AMZN,141.32,142.3
2022-08-18,BA,167.2,168.69
2022-08-18,COST,533.2509,535.0632
2022-08-18,DIS,119.266,118.9363
2022-08-18,GOOGL,118.3043,119.0373
2022-08-18,INTC,33.9469,34.4417
2022-08-18,JNJ,148.6742,147.8673
2022-08-18,JPM,110.9478,110.4032
2022-08-18,KO,57.3963,57.626
2022-08-18,LMT,394.9214,392.6336
2022-08-18,META,172.686,173.003
2022-08-18,MSFT,280.8358,280.8164
2022-08-18,NFLX,24.196,24.517
2022-08-18,NVDA,18.2299,18.7001
2022-08-18,PG,134.055,134.8655
2022-08-18,TSLA,306.0,302.87
2022-08-18,VZ,33.9869,33.8109
2022-08-18,XOM,81.7097,82.7886
2022-08-18,^GSPC,4273.1299,4283.7402
2022-08-19,AAPL,169.7142,168.2332
2022-08-19,AMD,98.67,95.95
2022-08-19,AMZN,140.47,138.23
2022-08-19,BA,166.33,162.92
2022-08-19,COST,532.8598,528.93
2022-08-19,DIS,117.5595,116.4833
2022-08-19,GOOGL,117.9377,116.1052
2022-08-19,INTC,34.0611,33.6615
2022-08-19,JNJ,148.1599,150.1194
2022-08-19,JPM,109.4774,107.6713
2022-08-19,KO,57.6172,57.5818
2022-08-19,LMT,391.8561,393.2412
2022-08-19,META,168.5853,166.3666
2022-08-19,MSFT,279.5873,276.9259
2022-08-19,NFLX,24.095,24.116
2022-08-19,NVDA,18.3345,17.7797
2022-08-19,PG,134.3612,134.8294
2022-08-19,TSLA,299.0,296.6667
2022-08-19,VZ,33.7421,33.9869
2022-08-19,XOM,82.5956,82.5255
2022-08-19,^GSPC,4266.3101,4228.48
2022-08-22,AAPL,166.4382,164.3588
2022-08-22,AMD,94.4,92.84
2022-08-22,AMZN,135.72,133.22
2022-08-22,BA,159.4,158.98
2022-08-22,COST,527.4707,520.2883
2022-08-22,DIS,114.1176,112.4112
2022-08-22,GOOGL,114.1141,113.1632
2022-08-22,INTC,33.3,32.1963
2022-08-22,JNJ,150.7621,149.5927
2022-08-22,JPM,105.9649,105.8923
2022-08-22,KO,57.2903,56.7248
2022-08-22,LMT,391.8829,386.36
2022-08-22,META,163.92,161.5032
2022-08-22,MSFT,272.9871,268.7967
2022-08-22,NFLX,23.255,22.654
2022-08-22,NVDA,17.4221,16.9679
2022-08-22,PG,134.154,134.4692
2022-08-22,TSLA,291.9133,289.9133
2022-08-22,VZ,33.9716,33.7956
2022-08-22,XOM,81.9465,82.4641
2022-08-22,^GSPC,4195.0801,4137.9902
2022-08-23,AAPL,163.8782,164.0253
2022-08-23,AMD,92.39,92.49
2022-08-23,AMZN,133.41,133.62
2022-08-23,BA,159.14,160.07
2022-08-23,COST,520.5457,517.0452
2022-08-23,DIS,112.45,111.364
2022-08-23,GOOGL,112.4103,112.7868
2022-08-23,INTC,32.3295,32.301
2022-08-23,JNJ,149.0661,148.2896
2022-08-23,JPM,105.9105,104.8485
2022-08-23,KO,56.389,56.7866
2022-08-23,LMT,386.8962,387.066
2022-08-23,META,160.9386,159.5816
2022-08-23,MSFT,267.529,267.529
2022-08-23,NFLX,22.646,22.455
2022-08-23,NVDA,16.923,17.1143
2022-08-23,PG,133.6588,131.8759
2022-08-23,TSLA,291.4533,296.4533
2022-08-23,VZ,33.6656,33.26
2022-08-23,XOM,83.8149,85.964
2022-08-23,^GSPC,4133.0898,4128.73
2022-08-24,AAPL,164.1136,164.3196
2022-08-24,AMD,92.21,92.73
2022-08-24,AMZN,132.75,133.8
2022-08-24,BA,162.27,163.6
2022-08-24,COST,517.6937,518.142
2022-08-24,DIS,111.1798,112.8669
2022-08-24,GOOGL,112.4301,112.6184
2022-08-24,INTC,32.32,32.2153
2022-08-24,JNJ,148.6734,147.7986
2022-08-24,JPM,104.6398,105.1027
2022-08-24,KO,56.7601,56.8662
2022-08-24,LMT,387.8435,387.5933
2022-08-24,META,159.0764,161.7112
2022-08-24,MSFT,266.5322,266.9
2022-08-24,NFLX,22.566,22.961
2022-08-24,NVDA,16.9459,17.1551
2022-08-24,PG,132.02,131.3086
2022-08-24,TSLA,297.5633,297.0967
2022-08-24,VZ,33.3213,33.3213
2022-08-24,XOM,85.9728,86.4728
2022-08-24,^GSPC,4126.5498,4140.77
2022-08-25,AAPL,165.5456,166.7717
2022-08-25,AMD,93.14,97.18
2022-08-25,AMZN,135.26,137.28
2022-08-25,BA,164.56,169.38
2022-08-25,COST,520.5456,525.3434
2022-08-25,DIS,113.4583,113.8849
2022-08-25,GOOGL,113.1632,115.5505
2022-08-25,INTC,32.2249,33.1953
2022-08-25,JNJ,148.1289,149.1822
2022-08-25,JPM,105.4294,107.5986
2022-08-25,KO,56.8662,57.1401
2022-08-25,LMT,387.5933,391.9991
2022-08-25,META,163.6129,167.1788
2022-08-25,MSFT,268.3903,269.8614
2022-08-25,NFLX,23.024,23.398
2022-08-25,NVDA,16.7786,17.8434
2022-08-25,PG,130.7772,131.2005
2022-08-25,TSLA,302.36,296.07
2022-08-25,VZ,33.3978,33.4666
2022-08-25,XOM,86.771,86.9201
2022-08-25,^GSPC,4153.2598,4199.1201
2022-08-26,AAPL,167.3013,160.4845
2022-08-26,AMD,96.29,91.18
2022-08-26,AMZN,136.55,130.75
2022-08-26,BA,170.0,164.53
2022-08-26,COST,524.6091,507.2684
2022-08-26,DIS,113.8946,110.5981
2022-08-26,GOOGL,113.6387,109.2999
2022-08-26,INTC,33.2524,31.7396
2022-08-26,JNJ,149.4767,146.6293
2022-08-26,JPM,108.4246,104.0771
2022-08-26,KO,57.1931,55.7617
2022-08-26,LMT,393.5719,385.2876
2022-08-26,META,166.8817,160.2452
2022-08-26,MSFT,270.0839,259.4482
2022-08-26,NFLX,23.363,22.328
2022-08-26,NVDA,17.7877,16.1969
2022-08-26,PG,131.4706,128.1298
2022-08-26,TSLA,297.43,288.09
2022-08-26,VZ,33.3519,33.0917
2022-08-26,XOM,86.6395,85.85
2022-08-26,^GSPC,4198.7402,4057.6599
2022-08-29,AAPL,158.0618,158.2874
2022-08-29,AMD,90.05,88.49
2022-08-29,AMZN,129.9,129.79
2022-08-29,BA,162.28,165.42
2022-08-29,COST,502.6994,506.5434
2022-08-29,DIS,109.1146,110.0745
2022-08-29,GOOGL,108.9532,108.3886
2022-08-29,INTC,31.6159,31.34
2022-08-29,JNJ,145.9152,145.4957
2022-08-29,JPM,103.469,103.8229
2022-08-29,KO,55.3906,55.426
2022-08-29,LMT,382.1866,383.9918
2022-08-29,META,159.1358,157.66
2022-08-29,MSFT,257.2803,256.6803
2022-08-29,NFLX,22.193,22.457
2022-08-29,NVDA,15.9578,15.7396
2022-08-29,PG,127.2383,127.5895
2022-08-29,TSLA,282.83,284.82
2022-08-29,VZ,32.9158,33.1529
2022-08-29,XOM,86.1219,87.8237
2022-08-29,^GSPC,4034.5801,4030.6101
2022-08-30,AAPL,159.023,155.8647
2022-08-30,AMD,90.06,86.94
2022-08-30,AMZN,131.25,128.73
2022-08-30,BA,167.27,162.21
2022-08-30,COST,509.6148,499.9429
2022-08-30,DIS,110.8017,109.008
2022-08-30,GOOGL,109.1315,107.9131
2022-08-30,INTC,31.4352,30.6931
2022-08-30,JNJ,145.7635,144.9869
2022-08-30,JPM,104.3766,103.8411
2022-08-30,KO,55.585,54.9135
2022-08-30,LMT,383.7773,379.9077
2022-08-30,META,158.8288,155.669
2022-08-30,MSFT,258.074,254.4932
2022-08-30,NFLX,22.666,22.065
2022-08-30,NVDA,15.898,15.4079
2022-08-30,PG,128.2379,126.2298
2022-08-30,TSLA,287.87,277.7
2022-08-30,VZ,33.1912,32.5408
2022-08-30,XOM,86.2798,84.4816
2022-08-30,^GSPC,4041.25,3986.1599
2022-08-31,AAPL,157.2379,154.2072
2022-08-31,AMD,86.28,84.87
2022-08-31,AMZN,129.45,126.77
2022-08-31,BA,163.0,160.25
2022-08-31,COST,501.2782,497.997
2022-08-31,DIS,109.4346,108.6686
2022-08-31,GOOGL,109.607,107.1999
2022-08-31,INTC,30.8167,30.3696
2022-08-31,JNJ,145.701,144.0139
2022-08-31,JPM,103.9046,103.2239
2022-08-31,KO,55.1167,54.5247
2022-08-31,LMT,379.9527,377.9286
2022-08-31,META,165.485,161.3843
2022-08-31,MSFT,256.8352,253.0415
2022-08-31,NFLX,22.7,22.356
2022-08-31,NVDA,15.3243,15.0354
2022-08-31,PG,126.4279,124.2127
2022-08-31,TSLA,280.62,275.61
2022-08-31,VZ,32.4949,31.9899
2022-08-31,XOM,82.4816,83.85
2022-08-31,^GSPC,4000.6699,3955.0
2022-09-01,AAPL,153.6382,154.933
2022-09-01,AMD,82.35,82.33
2022-09-01,AMZN,126.0,127.82
2022-09-01,BA,158.0,153.66
2022-09-01,COST,495.727,504.7407
2022-09-01,DIS,108.3875,109.1049
2022-09-01,GOOGL,107.2594,108.7056
2022-09-01,INTC,30.0366,30.2173
2022-09-01,JNJ,144.1478,147.5844
2022-09-01,JPM,102.8246,103.9319
2022-09-01,KO,54.4099,54.781
2022-09-01,LMT,376.2464,380.1776
2022-09-01,META,162.0281,163.7912
2022-09-01,MSFT,250.5253,252.006
2022-09-01,NFLX,22.072,23.004
2022-09-01,NVDA,14.1538,13.8829
2022-09-01,PG,124.1137,125.7436
2022-09-01,TSLA,272.58,277.16
2022-09-01,VZ,31.8599,31.9899
2022-09-01,XOM,82.8237,82.3413
2022-09-01,^GSPC,3936.73,3966.8501
2022-09-02,AAPL,156.6887,152.8242
2022-09-02,AMD,83.32,80.24
2022-09-02,AMZN,129.5,127.51
2022-09-02,BA,155.19,151.82
2022-09-02,COST,508.1077,495.1451
2022-09-02,DIS,109.6091,107.8154
2022-09-02,GOOGL,109.5476,106.8334
2022-09-02,INTC,30.6455,29.7036
2022-09-02,JNJ,148.0486,145.2636
2022-09-02,JPM,105.1662,103.2057
2022-09-02,KO,55.1255,54.0299
2022-09-02,LMT,382.3187,376.5433
2022-09-02,META,165.8614,158.7991
2022-09-02,MSFT,253.2641,247.8059
2022-09-02,NFLX,23.103,22.611
2022-09-02,NVDA,14.0452,13.594
2022-09-02,PG,126.4459,123.5104
2022-09-02,TSLA,281.07,270.21
2022-09-02,VZ,32.1353,31.5997
2022-09-02,XOM,84.5167,83.85
2022-09-02,^GSPC,3994.6599,3924.26
2022-09-06,AAPL,153.4715,151.5687
2022-09-06,AMD,80.41,78.72
2022-09-06,AMZN,127.92,126.11
2022-09-06,BA,152.39,152.39
2022-09-06,COST,496.1466,494.9448
2022-09-06,DIS,108.3681,106.7392
2022-09-06,GOOGL,106.2886,105.8032
2022-09-06,INTC,29.8653,28.8853
2022-09-06,JNJ,146.3347,145.6563
2022-09-06,JPM,103.7685,103.233
2022-09-06,KO,54.1536,54.0564
2022-09-06,LMT,376.939,375.8325
2022-09-06,META,158.5811,157.0359
2022-09-06,MSFT,247.9414,245.0865
2022-09-06,NFLX,22.559,21.839
2022-09-06,NVDA,13.6777,13.4127
2022-09-06,PG,122.3578,122.1326
2022-09-06,TSLA,272.68,274.42
2022-09-06,VZ,31.638,31.4467
2022-09-06,XOM,84.35,83.2886
2022-09-06,^GSPC,3930.8899,3908.1899
2022-09-07,AAPL,151.8532,152.9713
2022-09-07,AMD,79.24,79.61
2022-09-07,AMZN,126.12,129.48
2022-09-07,BA,151.26,155.95
2022-09-07,COST,495.994,505.189
2022-09-07,DIS,106.5259,109.2601
2022-09-07,GOOGL,106.0508,108.4183
2022-09-07,INTC,28.9424,29.1613
2022-09-07,JNJ,145.4154,146.4508
2022-09-07,JPM,102.6793,105.1934
2022-09-07,KO,54.1801,55.0549
2022-09-07,LMT,373.6466,377.9556
2022-09-07,META,156.2634,158.8684
2022-09-07,MSFT,246.4897,249.7704
2022-09-07,NFLX,22.021,22.896
2022-09-07,NVDA,13.5143,13.6648
2022-09-07,PG,122.4928,123.9786
2022-09-07,TSLA,273.1,283.7
2022-09-07,VZ,31.4773,31.4314
2022-09-07,XOM,81.7448,82.5781
2022-09-07,^GSPC,3909.4299,3979.8701
2022-09-08,AAPL,151.6766,151.5
2022-09-08,AMD,80.03,82.78
2022-09-08,AMZN,127.72,129.82
2022-09-08,BA,155.0,157.79
2022-09-08,COST,500.1241,504.6929
2022-09-08,DIS,107.6894,108.911
2022-09-08,GOOGL,107.0216,107.3584
2022-09-08,INTC,28.8949,29.2564
2022-09-08,JNJ,146.2812,147.629
2022-09-08,JPM,104.6307,107.644
2022-09-08,KO,54.8517,54.887
2022-09-08,LMT,377.4428,377.5148
2022-09-08,META,157.2043,160.5225
2022-09-08,MSFT,249.2092,250.1866
2022-09-08,NFLX,22.416,22.744
2022-09-08,NVDA,13.4107,13.9398
2022-09-08,PG,123.3753,124.1407
2022-09-08,TSLA,281.3,289.26
2022-09-08,VZ,31.3702,31.615
2022-09-08,XOM,83.0342,83.2535
2022-09-08,^GSPC,3959.9399,4006.1799
2022-09-09,AAPL,152.4907,154.3543
2022-09-09,AMD,84.03,85.45
2022-09-09,AMZN,130.91,133.27
2022-09-09,BA,158.0,157.52
2022-09-09,COST,507.5544,511.8085
2022-09-09,DIS,109.8224,111.6743
2022-09-09,GOOGL,108.0419,109.607
2022-09-09,INTC,29.675,29.9319
2022-09-09,JNJ,147.272,147.9147
2022-09-09,JPM,108.1342,108.1614
2022-09-09,KO,54.9312,55.0637
2022-09-09,LMT,378.4504,379.206
2022-09-09,META,161.7013,167.5453
2022-09-09,MSFT,252.1027,255.935
2022-09-09,NFLX,22.962,23.357
2022-09-09,NVDA,14.1062,14.3354
2022-09-09,PG,124.2217,126.0317
2022-09-09,TSLA,291.67,299.68
2022-09-09,VZ,31.8905,32.319
2022-09-09,XOM,84.6658,84.6482
2022-09-09,^GSPC,4022.9399,4067.3601
2022-09-12,AAPL,156.5317,160.2981
2022-09-12,AMD,84.89,84.64
2022-09-12,AMZN,134.1,136.45
2022-09-12,BA,158.46,158.72
2022-09-12,COST,512.9056,514.613
2022-09-12,DIS,112.6051,112.8475
2022-09-12,GOOGL,109.9438,109.815
2022-09-12,INTC,30.1983,30.0271
2022-09-12,JNJ,148.2717,147.8522
2022-09-12,JPM,109.4774,109.4411
2022-09-12,KO,55.1609,55.2227
2022-09-12,LMT,378.7292,376.6062
2022-09-12,META,165.802,167.3571
2022-09-12,MSFT,257.2126,258.0546
2022-09-12,NFLX,23.361,23.653
2022-09-12,NVDA,14.3175,14.453
2022-09-12,PG,125.5364,127.0583
2022-09-12,TSLA,300.72,304.42
2022-09-12,VZ,32.5867,32.7168
2022-09-12,XOM,85.657,85.6219
2022-09-12,^GSPC,4083.6699,4110.4102
2022-09-13,AAPL,156.8357,150.8919
2022-09-13,AMD,80.96,77.03
2022-09-13,AMZN,131.01,126.82
2022-09-13,BA,153.6,147.31
2022-09-13,COST,506.2858,486.7418
2022-09-13,DIS,109.6091,108.3584
2022-09-13,GOOGL,106.7839,103.3367
2022-09-13,INTC,29.3325,27.8673
2022-09-13,JNJ,146.0045,144.005
2022-09-13,JPM,107.163,105.6382
2022-09-13,KO,54.9577,53.4291
2022-09-13,LMT,375.4188,368.231
2022-09-13,META,160.0074,151.6772
2022-09-13,MSFT,250.4963,243.8671
2022-09-13,NFLX,22.65,21.813
2022-09-13,NVDA,13.7525,13.0839
2022-09-13,PG,126.7701,124.4289
2022-09-13,TSLA,292.9,292.13
2022-09-13,VZ,32.4414,31.944
2022-09-13,XOM,84.7447,83.6219
2022-09-13,^GSPC,4037.1201,3932.6899
2022-09-14,AAPL,151.8237,152.3338
2022-09-14,AMD,77.1,77.45
2022-09-14,AMZN,127.36,128.55
2022-09-14,BA,146.9,149.26
2022-09-14,COST,490.1374,484.5479
2022-09-14,DIS,108.4456,109.0759
2022-09-14,GOOGL,103.5843,104.0103
2022-09-14,INTC,28.1147,27.7627
2022-09-14,JNJ,144.9422,146.9774
2022-09-14,JPM,105.9195,105.3931
2022-09-14,KO,53.5793,53.7118
2022-09-14,LMT,369.0046,374.798
2022-09-14,META,151.8754,150.0331
2022-09-14,MSFT,245.3575,244.0897
2022-09-14,NFLX,21.982,22.412
2022-09-14,NVDA,13.2065,13.0809
2022-09-14,PG,124.8611,124.726
2022-09-14,TSLA,292.24,302.61
2022-09-14,VZ,31.944,31.5844
2022-09-14,XOM,84.3763,85.6745
2022-09-14,^GSPC,3940.73,3946.01
2022-09-15,AAPL,151.6864,149.4501
2022-09-15,AMD,76.64,76.66
2022-09-15,AMZN,127.38,126.28
2022-09-15,BA,147.88,149.78
2022-09-15,COST,484.9295,480.2557
2022-09-15,DIS,108.9692,107.3985
2022-09-15,GOOGL,103.0494,101.94
2022-09-15,INTC,27.7341,27.4392
2022-09-15,JNJ,146.79,147.3523
2022-09-15,JPM,105.3931,106.9814
2022-09-15,KO,53.7563,52.982
2022-09-15,LMT,373.1787,372.0632
2022-09-15,META,148.3789,148.1313
2022-09-15,MSFT,241.7187,237.4702
2022-09-15,NFLX,23.047,23.538
2022-09-15,NVDA,12.9683,12.8826
2022-09-15,PG,124.9691,123.7625
2022-09-15,TSLA,301.83,303.75
2022-09-15,VZ,31.3931,31.3931
2022-09-15,XOM,84.4026,83.1833
2022-09-15,^GSPC,3932.4099,3901.3501
2022-09-16,AAPL,148.3123,147.8121
2022-09-16,AMD,75.62,76.51
2022-09-16,AMZN,122.78,123.53
2022-09-16,BA,145.23,144.29
2022-09-16,COST,476.5072,480.8662
2022-09-16,DIS,105.886,104.9552
2022-09-16,GOOGL,101.1079,101.831
2022-09-16,INTC,27.306,27.8197
2022-09-16,JNJ,147.5665,149.6017
2022-09-16,JPM,106.5458,106.2645
2022-09-16,KO,53.0977,52.9909
2022-09-16,LMT,369.9582,372.6929
2022-09-16,META,146.6455,144.9022
2022-09-16,MSFT,236.3863,236.8508
2022-09-16,NFLX,23.122,24.013
2022-09-16,NVDA,12.6963,13.1507
2022-09-16,PG,123.7625,124.5189
2022-09-16,TSLA,299.61,303.35
2022-09-16,VZ,31.3549,31.5615
2022-09-16,XOM,83.3939,81.7623
2022-09-16,^GSPC,3880.95,3873.3301
2022-09-19,AAPL,146.4487,151.5197
2022-09-19,AMD,75.39,76.77
2022-09-19,AMZN,122.16,124.66
2022-09-19,BA,142.62,144.88
2022-09-19,COST,478.9777,483.1841
2022-09-19,DIS,104.2571,105.8472
2022-09-19,GOOGL,100.7909,102.0985
2022-09-19,INTC,27.6104,28.01
2022-09-19,JNJ,148.4413,148.4234
2022-09-19,JPM,105.2842,107.2447
2022-09-19,KO,52.8574,53.3914
2022-09-19,LMT,372.4321,374.699
2022-09-19,META,143.8621,146.6158
2022-09-19,MSFT,234.654,236.6379
2022-09-19,NFLX,24.505,24.363
2022-09-19,NVDA,12.9653,13.334
2022-09-19,PG,124.4468,124.2578
2022-09-19,TSLA,300.09,309.07
2022-09-19,VZ,31.4161,31.5538
2022-09-19,XOM,79.8325,81.7535
2022-09-19,^GSPC,3849.9099,3899.8899
2022-09-20,AAPL,150.4604,153.8933
2022-09-20,AMD,76.08,75.25
2022-09-20,AMZN,123.35,122.19
2022-09-20,BA,145.26,145.94
2022-09-20,COST,479.7788,476.4594
2022-09-20,DIS,104.9843,104.2959
2022-09-20,GOOGL,101.1178,100.1866
2022-09-20,INTC,27.658,27.5533
2022-09-20,JNJ,147.4773,147.2541
2022-09-20,JPM,106.564,105.1299
2022-09-20,KO,53.1155,53.3113
2022-09-20,LMT,374.2312,378.3514
2022-09-20,META,144.397,144.7041
2022-09-20,MSFT,234.2669,234.6346
2022-09-20,NFLX,24.037,24.285
2022-09-20,NVDA,13.1676,13.1287
2022-09-20,PG,123.7355,123.8165
2022-09-20,TSLA,306.91,308.73
2022-09-20,VZ,31.3625,31.0565
2022-09-20,XOM,81.3413,81.0869
2022-09-20,^GSPC,3875.23,3855.9299
2022-09-21,AAPL,154.3249,150.7742
2022-09-21,AMD,75.44,74.48
2022-09-21,AMZN,122.49,118.54
2022-09-21,BA,146.77,143.29
2022-09-21,COST,479.3019,470.3073
2022-09-21,DIS,104.1214,101.3097
2022-09-21,GOOGL,100.7117,98.3442
2022-09-21,INTC,27.7341,27.0871
2022-09-21,JNJ,147.2987,145.7456
2022-09-21,JPM,105.7743,102.0985
2022-09-21,KO,53.5249,52.8663
2022-09-21,LMT,385.0175,378.0096
2022-09-21,META,145.0012,140.7717
2022-09-21,MSFT,236.396,231.2475
2022-09-21,NFLX,24.267,23.687
2022-09-21,NVDA,13.1656,13.2134
2022-09-21,PG,124.3388,122.2227
2022-09-21,TSLA,308.29,300.8
2022-09-21,VZ,31.133,30.2072
2022-09-21,XOM,82.0781,79.7799
2022-09-21,^GSPC,3871.3999,3789.9299
2022-09-22,AAPL,149.4599,149.813
2022-09-22,AMD,73.89,69.5
2022-09-22,AMZN,117.08,117.31
2022-09-22,BA,143.13,138.71
2022-09-22,COST,471.1942,464.6796
2022-09-22,DIS,101.0382,99.0506
2022-09-22,GOOGL,97.8885,99.1961
2022-09-22,INTC,27.0206,26.7066
2022-09-22,JNJ,145.6296,148.3342
2022-09-22,JPM,102.9062,100.9367
2022-09-22,KO,52.9998,52.7417
2022-09-22,LMT,377.6767,379.7008
2022-09-22,META,140.2072,141.4651
2022-09-22,MSFT,230.2022,233.212
2022-09-22,NFLX,23.535,23.705
2022-09-22,NVDA,13.0231,12.5159
2022-09-22,PG,122.2317,122.6549
2022-09-22,TSLA,299.86,288.59
2022-09-22,VZ,30.1995,30.5515
2022-09-22,XOM,80.8763,79.4465
2022-09-22,^GSPC,3782.3601,3757.99
2022-09-23,AAPL,148.2927,147.5472
2022-09-23,AMD,68.0,67.96
2022-09-23,AMZN,116.0,113.78
2022-09-23,BA,135.65,131.26
2022-09-23,COST,456.8294,444.8683
2022-09-23,DIS,97.5574,96.4715
2022-09-23,GOOGL,98.6909,97.8093
2022-09-23,INTC,26.5448,26.1833
2022-09-23,JNJ,147.9415,148.8162
2022-09-23,JPM,99.8838,99.0579
2022-09-23,KO,52.4747,52.1543
2022-09-23,LMT,377.6318,371.5956
2022-09-23,META,140.0784,139.078
2022-09-23,MSFT,231.8184,230.2506
2022-09-23,NFLX,23.514,22.641
2022-09-23,NVDA,12.3754,12.4711
2022-09-23,PG,122.1776,122.0876
2022-09-23,TSLA,283.09,275.33
2022-09-23,VZ,30.2684,30.2378
2022-09-23,XOM,76.7536,75.2185
2022-09-23,^GSPC,3727.1399,3693.23
2022-09-26,AAPL,146.792,147.8807
2022-09-26,AMD,67.87,66.3
2022-09-26,AMZN,113.3,115.15
2022-09-26,BA,129.77,127.34
2022-09-26,COST,444.3629,458.1268
2022-09-26,DIS,95.9383,95.1335
2022-09-26,GOOGL,97.1753,97.2447
2022-09-26,INTC,26.2214,25.66
2022-09-26,JNJ,147.995,147.9057
2022-09-26,JPM,98.0232,96.925
2022-09-26,KO,52.0564,51.5046
2022-09-26,LMT,370.3541,366.7197
2022-09-26,META,138.7907,135.0763
2022-09-26,MSFT,229.4087,229.7958
2022-09-26,NFLX,22.56,22.407
2022-09-26,NVDA,12.4462,12.1841
2022-09-26,PG,122.0876,122.2047
2022-09-26,TSLA,271.83,276.01
2022-09-26,VZ,30.0159,29.7864
2022-09-26,XOM,74.4729,73.6659
2022-09-26,^GSPC,3682.72,3655.04
2022-09-27,AAPL,149.813,148.8518
2022-09-27,AMD,67.9,67.17
2022-09-27,AMZN,117.2,114.41
2022-09-27,BA,129.32,127.51
2022-09-27,COST,463.0771,456.2191
2022-09-27,DIS,96.5006,92.9326
2022-09-27,GOOGL,98.4928,96.581
2022-09-27,INTC,26.0691,25.5839
2022-09-27,JNJ,148.4949,147.2274
2022-09-27,JPM,97.7963,96.0719
2022-09-27,KO,51.6915,50.1785
2022-09-27,LMT,368.1141,359.6039
2022-09-27,META,136.6116,133.125
2022-09-27,MSFT,232.2442,228.7893
2022-09-27,NFLX,22.863,22.436
2022-09-27,NVDA,12.4621,12.3685
2022-09-27,PG,122.4298,118.8458
2022-09-27,TSLA,283.84,282.94
2022-09-27,VZ,29.993,29.7558
2022-09-27,XOM,75.0957,75.2097
2022-09-27,^GSPC,3686.4399,3647.29
2022-09-28,AAPL,144.8107,146.9686
2022-09-28,AMD,67.11,68.36
2022-09-28,AMZN,114.38,118.01
2022-09-28,BA,128.04,133.44
2022-09-28,COST,459.3,465.7479
2022-09-28,DIS,92.8744,96.3746
2022-09-28,GOOGL,96.7296,99.1069
2022-09-28,INTC,25.5554,25.8122
2022-09-28,JNJ,148.3966,148.4948
2022-09-28,JPM,96.1626,98.0142
2022-09-28,KO,50.4277,50.7125
2022-09-28,LMT,357.319,359.8378
2022-09-28,META,133.3429,140.2666
2022-09-28,MSFT,229.1764,233.2991
2022-09-28,NFLX,22.969,24.52
2022-09-28,NVDA,12.3655,12.6903
2022-09-28,PG,119.7823,118.8458
2022-09-28,TSLA,283.08,287.81
2022-09-28,VZ,29.8858,30.1383
2022-09-28,XOM,75.5431,77.9465
2022-09-28,^GSPC,3651.9399,3719.04
2022-09-29,AAPL,143.3002,139.7496
2022-09-29,AMD,67.15,64.14
2022-09-29,AMZN,115.6,114.8
2022-09-29,BA,131.2,125.33
2022-09-29,COST,463.1916,456.8677
2022-09-29,DIS,95.5311,94.4839
2022-09-29,GOOGL,97.7102,96.5017
2022-09-29,INTC,25.4792,25.0987
2022-09-29,JNJ,148.602,146.8614
2022-09-29,JPM,97.0702,96.3532
2022-09-29,KO,50.8104,50.3476
2022-09-29,LMT,358.9202,350.6529
2022-09-29,META,138.0379,135.1159
2022-09-29,MSFT,231.1894,229.8442
2022-09-29,NFLX,24.161,23.971
2022-09-29,NVDA,12.4033,12.1762
2022-09-29,PG,118.7468,115.8923
2022-09-29,TSLA,282.76,268.21
2022-09-29,VZ,29.9241,29.5645
2022-09-29,XOM,77.3501,77.7887
2022-09-29,^GSPC,3687.01,3640.47
2022-09-30,AAPL,138.5726,135.5516
2022-09-30,AMD,63.62,63.36
2022-09-30,AMZN,114.08,113.0
2022-09-30,BA,123.14,121.08
2022-09-30,COST,458.4701,450.4674
2022-09-30,DIS,93.5628,91.4589
2022-09-30,GOOGL,96.1352,94.7484
2022-09-30,INTC,25.0225,24.5183
2022-09-30,JNJ,147.2809,145.817
2022-09-30,JPM,96.2624,94.8466
2022-09-30,KO,50.6146,49.8581
2022-09-30,LMT,343.3123,347.5044
2022-09-30,META,134.7593,134.3928
2022-09-30,MSFT,230.6087,225.3925
2022-09-30,NFLX,23.7,23.544
2022-09-30,NVDA,12.0436,12.0955
2022-09-30,PG,116.1624,113.6861
2022-09-30,TSLA,266.15,265.25
2022-09-30,VZ,29.488,29.0519
2022-09-30,XOM,77.3413,76.5869
2022-09-30,^GSPC,3633.48,3585.6201
2022-10-03,AAPL,135.5614,139.7202
2022-10-03,AMD,64.46,66.11
2022-10-03,AMZN,113.58,115.88
2022-10-03,BA,122.0,126.05
2022-10-03,COST,452.5946,455.6755
2022-10-03,DIS,92.8163,94.1737
2022-10-03,GOOGL,95.8479,97.7102
2022-10-03,INTC,25.0511,25.66
2022-10-03,JNJ,146.6471,145.6742
2022-10-03,JPM,95.8631,97.7782
2022-10-03,KO,50.1607,50.4188
2022-10-03,LMT,350.6079,359.6039
2022-10-03,META,135.839,137.295
2022-10-03,MSFT,227.8216,232.9798
2022-10-03,NFLX,23.785,23.904
2022-10-03,NVDA,12.3027,12.4671
2022-10-03,PG,114.5866,115.7212
2022-10-03,TSLA,254.5,242.4
2022-10-03,VZ,29.4574,29.9624
2022-10-03,XOM,78.9816,80.6307
2022-10-03,^GSPC,3609.78,3678.4299
2022-10-04,AAPL,142.2508,143.3003
2022-10-04,AMD,68.27,67.9
2022-10-04,AMZN,119.89,121.09
2022-10-04,BA,129.4,133.51
2022-10-04,COST,461.4938,463.6876
2022-10-04,DIS,95.6765,98.3525
2022-10-04,GOOGL,99.4933,100.6819
2022-10-04,INTC,26.0977,26.3546
2022-10-04,JNJ,146.2544,147.8343
2022-10-04,JPM,100.3921,102.3526
2022-10-04,KO,50.6858,50.5345
2022-10-04,LMT,362.6355,365.3343
2022-10-04,META,139.1572,138.9492
2022-10-04,MSFT,237.1895,240.8574
2022-10-04,NFLX,24.484,24.074
2022-10-04,NVDA,12.8328,13.1198
2022-10-04,PG,116.2525,117.1529
2022-10-04,TSLA,250.52,249.44
2022-10-04,VZ,30.2225,30.4597
2022-10-04,XOM,81.7886,83.5693
2022-10-04,^GSPC,3726.46,3790.9299
2022-10-05,AAPL,141.3091,143.5945
2022-10-05,AMD,66.59,67.94
2022-10-05,AMZN,118.58,120.95
2022-10-05,BA,130.28,132.11
2022-10-05,COST,459.0806,458.1458
2022-10-05,DIS,96.9951,97.732
2022-10-05,GOOGL,98.889,100.4739
2022-10-05,INTC,26.0406,26.2975
2022-10-05,JNJ,147.2988,147.3791
2022-10-05,JPM,100.5028,101.0889
2022-10-05,KO,50.2853,50.0539
2022-10-05,LMT,365.3343,362.0958
2022-10-05,META,136.9285,137.6615
2022-10-05,MSFT,238.0606,241.1671
2022-10-05,NFLX,23.876,23.673
2022-10-05,NVDA,12.8647,13.1616
2022-10-05,PG,116.3425,116.3425
2022-10-05,TSLA,245.01,240.81
2022-10-05,VZ,30.1001,30.146
2022-10-05,XOM,83.9903,86.9464
2022-10-05,^GSPC,3753.25,3783.28
2022-10-06,AAPL,143.0158,142.6431
2022-10-06,AMD,67.82,67.85
2022-10-06,AMZN,120.77,120.3
2022-10-06,BA,131.13,132.2
2022-10-06,COST,461.1314,460.2157
2022-10-06,DIS,97.3732,96.9951
2022-10-06,GOOGL,99.731,100.464
2022-10-06,INTC,26.1072,25.8598
2022-10-06,JNJ,147.0934,144.5227
2022-10-06,JPM,100.2372,99.0285
2022-10-06,KO,49.8403,48.977
2022-10-06,LMT,361.2951,359.4869
2022-10-06,META,136.4135,137.7507
2022-10-06,MSFT,239.938,238.8348
2022-10-06,NFLX,23.668,24.002
2022-10-06,NVDA,13.1726,13.0829
2022-10-06,PG,116.0634,113.8932
2022-10-06,TSLA,239.44,238.13
2022-10-06,VZ,30.7085,29.4403
2022-10-06,XOM,86.3763,89.5254
2022-10-06,^GSPC,3771.97,3744.52
2022-10-07,AAPL,139.8085,137.4054
2022-10-07,AMD,64.01,58.44
2022-10-07,AMZN,118.0,114.56
2022-10-07,BA,130.36,129.79
2022-10-07,COST,456.1809,446.5377
2022-10-07,DIS,95.5117,94.2028
2022-10-07,GOOGL,98.9088,97.7498
2022-10-07,INTC,24.8989,24.4707
2022-10-07,JNJ,144.3978,142.9964
2022-10-07,JPM,98.4607,97.0504
2022-10-07,KO,48.9414,48.5142
2022-10-07,LMT,358.5424,363.4002
2022-10-07,META,135.4626,132.184
2022-10-07,MSFT,233.1346,226.6893
2022-10-07,NFLX,23.577,22.475
2022-10-07,NVDA,12.4601,12.0327
2022-10-07,PG,113.9112,111.9031
2022-10-07,TSLA,233.94,223.07
2022-10-07,VZ,29.2769,28.6701
2022-10-07,XOM,89.6394,88.6219
2022-10-07,^GSPC,3706.74,3639.6599
2022-10-10,AAPL,137.7291,137.7291
2022-10-10,AMD,57.31,57.81
2022-10-10,AMZN,115.1,113.67
2022-10-10,BA,131.42,131.9
2022-10-10,COST,448.0066,444.7826
2022-10-10,DIS,94.6197,92.2636
2022-10-10,GOOGL,98.0668,96.9376
2022-10-10,INTC,24.68,23.976
2022-10-10,JNJ,143.3802,143.1838
2022-10-10,JPM,97.7372,96.1438
2022-10-10,KO,48.5943,48.4074
2022-10-10,LMT,366.6657,368.8247
2022-10-10,META,132.283,132.5207
2022-10-10,MSFT,225.5376,221.8601
2022-10-10,NFLX,22.564,22.998
2022-10-10,NVDA,11.9938,11.6281
2022-10-10,PG,111.0927,111.4439
2022-10-10,TSLA,223.93,222.96
2022-10-10,VZ,28.8879,28.4911
2022-10-10,XOM,89.0254,86.7009
2022-10-10,^GSPC,3647.51,3612.3899
2022-10-11,AAPL,137.219,136.3167
2022-10-11,AMD,57.21,57.63
2022-10-11,AMZN,112.71,112.21
2022-10-11,BA,132.96,131.57
2022-10-11,COST,443.5331,450.229
2022-10-11,DIS,91.9243,90.2663
2022-10-11,GOOGL,96.5116,96.264
2022-10-11,INTC,23.7952,23.8238
2022-10-11,JNJ,143.1481,145.2547
2022-10-11,JPM,95.5761,93.3692
2022-10-11,KO,48.4697,48.4875
2022-10-11,LMT,364.9295,369.7873
2022-10-11,META,130.3713,127.3206
2022-10-11,MSFT,220.2827,218.1439
2022-10-11,NFLX,22.605,21.429
2022-10-11,NVDA,11.5195,11.5444
2022-10-11,PG,111.3808,111.8671
2022-10-11,TSLA,220.95,216.5
2022-10-11,VZ,28.4445,27.9621
2022-10-11,XOM,85.2798,85.964
2022-10-11,^GSPC,3595.8601,3588.8401
2022-10-12,AAPL,136.4638,135.689
2022-10-12,AMD,57.45,57.85
2022-10-12,AMZN,112.49,112.9
2022-10-12,BA,128.43,130.42
2022-10-12,COST,452.4228,444.8493
2022-10-12,DIS,90.3245,90.5669
2022-10-12,GOOGL,96.3829,96.6404
2022-10-12,INTC,23.8333,24.0997
2022-10-12,JNJ,145.4421,145.219
2022-10-12,JPM,93.2226,94.8801
2022-10-12,KO,49.155,49.0749
2022-10-12,LMT,366.072,357.5168
2022-10-12,META,127.1027,126.2904
2022-10-12,MSFT,218.1343,218.473
2022-10-12,NFLX,21.43,22.087
2022-10-12,NVDA,11.5375,11.4587
2022-10-12,PG,112.4164,112.0472
2022-10-12,TSLA,215.33,217.24
2022-10-12,VZ,27.931,27.7598
2022-10-12,XOM,85.5254,86.3412
2022-10-12,^GSPC,3590.8301,3577.03
2022-10-13,AAPL,132.4032,140.2499
2022-10-13,AMD,55.52,58.94
2022-10-13,AMZN,107.88,112.53
2022-10-13,BA,126.5,132.4
2022-10-13,COST,437.0376,446.3851
2022-10-13,DIS,88.7829,93.6986
2022-10-13,GOOGL,94.2531,98.1263
2022-10-13,INTC,23.5288,25.1367
2022-10-13,JNJ,143.6123,147.4148
2022-10-13,JPM,93.3875,100.1548
2022-10-13,KO,48.4875,49.7246
2022-10-13,LMT,353.5406,365.1993
2022-10-13,META,122.3581,129.054
2022-10-13,MSFT,212.7632,226.6893
2022-10-13,NFLX,21.269,23.251
2022-10-13,NVDA,10.9316,11.9171
2022-10-13,PG,111.2187,113.7401
2022-10-13,TSLA,208.3,221.72
2022-10-13,VZ,27.3241,28.32
2022-10-13,XOM,85.5693,89.3587
2022-10-13,^GSPC,3520.3701,3669.9099
2022-10-14,AAPL,141.5445,135.7282
2022-10-14,AMD,59.6,55.94
2022-10-14,AMZN,114.1,106.9
2022-10-14,BA,135.59,133.15
2022-10-14,COST,450.2385,433.6609
2022-10-14,DIS,94.5033,91.5752
2022-10-14,GOOGL,99.0475,95.6498
2022-10-14,INTC,25.1748,24.6515
2022-10-14,JNJ,146.781,146.7989
2022-10-14,JPM,102.5266,101.8215
2022-10-14,KO,50.0984,48.9325
2022-10-14,LMT,363.733,350.3111
2022-10-14,META,129.7572,125.5574
2022-10-14,MSFT,227.9474,221.1924
2022-10-14,NFLX,23.78,23.0
2022-10-14,NVDA,12.0138,11.1867
2022-10-14,PG,114.1363,112.6325
2022-10-14,TSLA,224.01,204.99
2022-10-14,VZ,28.6312,28.3044
2022-10-14,XOM,88.7008,87.0079
2022-10-14,^GSPC,3690.4099,3583.0701
2022-10-17,AAPL,138.3666,139.6809
2022-10-17,AMD,57.35,57.96
2022-10-17,AMZN,110.11,113.79
2022-10-17,BA,136.98,136.09
2022-10-17,COST,440.3378,442.7415
2022-10-17,DIS,93.4465,94.3676
2022-10-17,GOOGL,97.9281,99.0277
2022-10-17,INTC,25.0321,25.1367
2022-10-17,JNJ,147.6379,148.7001
2022-10-17,JPM,105.6859,106.098
2022-10-17,KO,49.511,49.5644
2022-10-17,LMT,353.5406,357.4178
2022-10-17,META,129.0639,132.7684
2022-10-17,MSFT,228.2183,229.8732
2022-10-17,NFLX,23.441,24.51
2022-10-17,NVDA,11.4767,11.8454
2022-10-17,PG,113.47,114.6676
2022-10-17,TSLA,210.04,219.35
2022-10-17,VZ,28.5689,28.9268
2022-10-17,XOM,88.657,88.2622
2022-10-17,^GSPC,3638.6499,3677.95
2022-10-18,AAPL,142.7019,140.9953
2022-10-18,AMD,59.91,57.92
2022-10-18,AMZN,119.06,116.36
2022-10-18,BA,139.0,137.34
2022-10-18,COST,451.3545,451.4213
2022-10-18,DIS,96.8303,95.4826
2022-10-18,GOOGL,102.1579,99.8201
2022-10-18,INTC,25.4412,24.6134
2022-10-18,JNJ,147.2809,148.1824
2022-10-18,JPM,109.5778,108.8269
2022-10-18,KO,50.1162,50.2319
2022-10-18,LMT,362.6715,388.4809
2022-10-18,META,135.7894,131.5401
2022-10-18,MSFT,235.3992,230.812
2022-10-18,NFLX,24.98,24.086
2022-10-18,NVDA,12.2997,11.9241
2022-10-18,PG,116.4595,115.5951
2022-10-18,TSLA,229.5,220.19
2022-10-18,VZ,29.3081,28.8412
2022-10-18,XOM,89.0692,88.4201
2022-10-18,^GSPC,3746.26,3719.98
2022-10-19,AAPL,138.9748,141.1032
2022-10-19,AMD,57.33,57.23
2022-10-19,AMZN,114.71,115.07
2022-10-19,BA,137.17,138.39
2022-10-19,COST,446.2133,449.6662
2022-10-19,DIS,97.3829,95.9771
2022-10-19,GOOGL,99.0673,98.6909
2022-10-19,INTC,24.4897,24.7371
2022-10-19,JNJ,148.1735,147.0042
2022-10-19,JPM,108.0485,106.6932
2022-10-19,KO,50.1162,49.8047
2022-10-19,LMT,390.3971,395.7856
2022-10-19,META,131.6293,131.9661
2022-10-19,MSFT,229.399,228.8571
2022-10-19,NFLX,26.5,27.238
2022-10-19,NVDA,11.8364,12.0078
2022-10-19,PG,118.5397,116.6667
2022-10-19,TSLA,219.8,222.04
2022-10-19,VZ,28.4522,28.4522
2022-10-19,XOM,88.8149,91.0429
2022-10-19,^GSPC,3703.1101,3695.1599
2022-10-20,AAPL,140.2793,140.6422
2022-10-20,AMD,57.47,57.77
2022-10-20,AMZN,113.83,115.25
2022-10-20,BA,138.36,139.13
2022-10-20,COST,449.2561,443.1706
2022-10-20,DIS,95.2402,95.5892
2022-10-20,GOOGL,99.0574,99.0277
2022-10-20,INTC,24.8798,24.8132
2022-10-20,JNJ,147.2809,147.3791
2022-10-20,JPM,107.2884,106.3452
2022-10-20,KO,49.6356,49.0215
2022-10-20,LMT,395.4797,399.7258
2022-10-20,META,131.6689,130.2822
2022-10-20,MSFT,228.17,228.5377
2022-10-20,NFLX,27.278,26.816
2022-10-20,NVDA,12.0695,12.1503
2022-10-20,PG,116.6422,115.164
2022-10-20,TSLA,208.28,207.28
2022-10-20,VZ,28.4522,28.7868
2022-10-20,XOM,91.5078,91.1657
2022-10-20,^GSPC,3689.05,3665.78
2022-10-21,AAPL,140.1321,144.4478
2022-10-21,AMD,57.22,58.82
2022-10-21,AMZN,114.79,119.32
2022-10-21,BA,138.48,141.32
2022-10-21,COST,442.3026,456.1046
2022-10-21,DIS,95.3565,98.9342
2022-10-21,GOOGL,96.9277,100.1767
2022-10-21,INTC,24.5944,25.66
2022-10-21,JNJ,147.0221,150.5925
2022-10-21,JPM,106.6474,111.9313
2022-10-21,KO,48.9503,49.8047
2022-10-21,LMT,399.1681,408.9647
2022-10-21,META,125.1117,128.7766
2022-10-21,MSFT,227.1732,234.3153
2022-10-21,NFLX,26.895,28.957
2022-10-21,NVDA,12.0546,12.4213
2022-10-21,PG,114.7559,116.6059
2022-10-21,TSLA,206.42,214.44
2022-10-21,VZ,27.6353,27.503
2022-10-21,XOM,91.6218,92.8587
2022-10-21,^GSPC,3657.1001,3752.75
2022-10-24,AAPL,144.3693,146.586
2022-10-24,AMD,58.57,58.7
2022-10-24,AMZN,119.98,119.82
2022-10-24,BA,142.85,142.05
2022-10-24,COST,459.3763,474.0272
2022-10-24,DIS,99.0118,98.624
2022-10-24,GOOGL,100.8404,101.5536
2022-10-24,INTC,25.4507,25.8598
2022-10-24,JNJ,151.5744,152.6187
2022-10-24,JPM,111.7847,112.0686
2022-10-24,KO,50.4099,51.2376
2022-10-24,LMT,412.9858,411.5284
2022-10-24,META,126.0428,128.4894
2022-10-24,MSFT,235.9024,239.2799
2022-10-24,NFLX,29.023,28.245
2022-10-24,NVDA,12.4631,12.5538
2022-10-24,PG,117.4312,117.3223
2022-10-24,TSLA,205.82,211.25
2022-10-24,VZ,27.7442,27.9854
2022-10-24,XOM,92.6832,93.5078
2022-10-24,^GSPC,3762.01,3797.3401
2022-10-25,AAPL,147.2138,149.4206
2022-10-25,AMD,58.77,61.47
2022-10-25,AMZN,119.65,120.6
2022-10-25,BA,142.09,146.65
2022-10-25,COST,470.5457,476.0207
2022-10-25,DIS,99.0506,101.1836
2022-10-25,GOOGL,101.93,103.4952
2022-10-25,INTC,25.8598,26.0786
2022-10-25,JNJ,151.8957,152.3777
2022-10-25,JPM,111.5833,112.3617
2022-10-25,KO,52.5459,52.4658
2022-10-25,LMT,408.4608,413.9483
2022-10-25,META,129.6384,136.2055
2022-10-25,MSFT,239.2896,242.58
2022-10-25,NFLX,28.695,29.102
2022-10-25,NVDA,12.6485,13.2134
2022-10-25,PG,117.5309,118.6736
2022-10-25,TSLA,210.1,222.42
2022-10-25,VZ,27.9387,28.3433
2022-10-25,XOM,93.3411,92.8762
2022-10-25,^GSPC,3799.4399,3859.1101
2022-10-26,AAPL,148.0671,146.488
2022-10-26,AMD,59.69,59.73
2022-10-26,AMZN,116.0,115.66
2022-10-26,BA,147.05,133.79
2022-10-26,COST,475.0096,476.3927
2022-10-26,DIS,100.3789,101.4454
2022-10-26,GOOGL,95.5211,94.0352
2022-10-26,INTC,25.8693,25.8883
2022-10-26,JNJ,152.9222,153.7166
2022-10-26,JPM,112.6364,113.6529
2022-10-26,KO,52.5192,52.8574
2022-10-26,LMT,415.7656,416.1164
2022-10-26,META,130.4307,128.5884
2022-10-26,MSFT,223.7182,223.8634
2022-10-26,NFLX,29.004,29.862
2022-10-26,NVDA,12.8228,12.8497
2022-10-26,PG,118.4831,119.5079
2022-10-26,TSLA,219.4,224.64
2022-10-26,VZ,28.3044,28.3433
2022-10-26,XOM,93.2096,93.9815
2022-10-26,^GSPC,3825.97,3830.6001
2022-10-27,AAPL,145.2325,142.0251
2022-10-27,AMD,61.6,58.6
2022-10-27,AMZN,113.92,110.96
2022-10-27,BA,137.1,139.76
2022-10-27,COST,477.5967,474.472
2022-10-27,DIS,102.5895,101.2612
2022-10-27,GOOGL,93.629,91.3507
2022-10-27,INTC,26.1167,24.994
2022-10-27,JNJ,153.8416,153.8059
2022-10-27,JPM,114.651,114.1016
2022-10-27,KO,53.1956,52.982
2022-10-27,LMT,417.9336,424.5456
2022-10-27,META,97.0505,97.0109
2022-10-27,MSFT,223.5924,219.4407
2022-10-27,NFLX,29.833,29.694
2022-10-27,NVDA,13.5811,13.1287
2022-10-27,PG,119.7074,119.5986
2022-10-27,TSLA,229.77,225.09
2022-10-27,VZ,28.5456,28.1488
2022-10-27,XOM,95.0955,94.3411
2022-10-27,^GSPC,3834.6899,3807.3
2022-10-28,AAPL,145.36,152.7555
2022-10-28,AMD,59.1,62.01
2022-10-28,AMZN,97.91,103.41
2022-10-28,BA,141.16,143.84
2022-10-28,COST,475.1982,488.1651
2022-10-28,DIS,100.9121,102.7252
2022-10-28,GOOGL,91.4003,95.3824
2022-10-28,INTC,26.8112,27.658
2022-10-28,JNJ,154.4218,156.091
2022-10-28,JPM,114.7334,115.4569
2022-10-28,KO,53.0176,54.0767
2022-10-28,LMT,426.4077,436.1863
2022-10-28,META,98.6353,98.2589
2022-10-28,MSFT,218.9472,228.2667
2022-10-28,NFLX,29.77,29.572
2022-10-28,NVDA,13.057,13.7844
2022-10-28,PG,120.7685,122.6276
2022-10-28,TSLA,225.4,228.52
2022-10-28,VZ,28.6312,29.3081
2022-10-28,XOM,96.0165,97.1043
2022-10-28,^GSPC,3808.26,3901.0601
2022-10-31,AAPL,150.2249,150.4015
2022-10-31,AMD,60.75,60.06
2022-10-31,AMZN,103.56,102.44
2022-10-31,BA,141.88,142.51
2022-10-31,COST,486.9899,479.2116
2022-10-31,DIS,102.4441,103.2973
2022-10-31,GOOGL,94.5206,93.6192
2022-10-31,INTC,27.6675,27.0491
2022-10-31,JNJ,155.7786,155.2876
2022-10-31,JPM,115.1089,115.2737
2022-10-31,KO,53.8542,53.2668
2022-10-31,LMT,432.2102,437.8146
2022-10-31,META,97.2882,92.2762
2022-10-31,MSFT,226.2248,224.6473
2022-10-31,NFLX,29.513,29.188
2022-10-31,NVDA,13.7286,13.4486
2022-10-31,PG,122.6094,122.1288
2022-10-31,TSLA,226.19,227.54
2022-10-31,VZ,29.1836,29.0746
2022-10-31,XOM,96.0516,97.2007
2022-10-31,^GSPC,3881.8501,3871.98
